# ************************************************************
# Sequel Pro SQL dump
# Version 3408
#
# http://www.sequelpro.com/
# http://code.google.com/p/sequel-pro/
#
# Host: mysql.troy.is (MySQL 5.1.56-log)
# Database: parkcompass
# Generation Time: 2014-10-10 02:37:48 +0000
# ************************************************************


/*!40101 SET @OLD_CHARACTER_SET_CLIENT=@@CHARACTER_SET_CLIENT */;
/*!40101 SET @OLD_CHARACTER_SET_RESULTS=@@CHARACTER_SET_RESULTS */;
/*!40101 SET @OLD_COLLATION_CONNECTION=@@COLLATION_CONNECTION */;
/*!40101 SET NAMES utf8 */;
/*!40014 SET @OLD_FOREIGN_KEY_CHECKS=@@FOREIGN_KEY_CHECKS, FOREIGN_KEY_CHECKS=0 */;
/*!40101 SET @OLD_SQL_MODE=@@SQL_MODE, SQL_MODE='NO_AUTO_VALUE_ON_ZERO' */;
/*!40111 SET @OLD_SQL_NOTES=@@SQL_NOTES, SQL_NOTES=0 */;


# Dump of table Facilities
# ------------------------------------------------------------

DROP TABLE IF EXISTS `Facilities`;

CREATE TABLE `Facilities` (
  `FacilityID` int(3) unsigned NOT NULL,
  `FacilityType` char(50) NOT NULL,
  `FacilityURL` varchar(128) DEFAULT NULL,
  PRIMARY KEY (`FacilityID`)
) ENGINE=InnoDB DEFAULT CHARSET=utf8;

LOCK TABLES `Facilities` WRITE;
/*!40000 ALTER TABLE `Facilities` DISABLE KEYS */;

INSERT INTO `Facilities` (`FacilityID`, `FacilityType`, `FacilityURL`)
VALUES
	(0,'No Facilities Listed',NULL),
	(1,'Ball Hockey',''),
	(2,'Baseball Diamonds',''),
	(3,'Basketball Courts',''),
	(4,'Beaches',''),
	(5,'Bowling Greens',''),
	(6,'Community Centres',''),
	(7,'Community Halls',''),
	(8,'Cricket Pitches',''),
	(9,'Designated Wedding Ceremony Site',''),
	(10,'Disc Golf Courses',''),
	(11,'Dogs Off-Leash Areas',''),
	(12,'Exercise Stations',''),
	(13,'Field Hockey',''),
	(14,'Field Houses',''),
	(15,'Food Concessions',''),
	(16,'Football Fields',''),
	(17,'Golf Courses',''),
	(18,'Hellenic Garden',''),
	(19,'Horseshoe Pitch',''),
	(20,'Jogging Trails',''),
	(21,'Lacrosse Boxes',''),
	(22,'Lighted Fields',''),
	(23,'Outdoor Roller Hockey Rinks',''),
	(24,'Perimeter Walking Path',''),
	(25,'Picnic Benches',''),
	(26,'Picnic Sites',''),
	(27,'Playgrounds',''),
	(28,'Restaurants',''),
	(29,'Rinks',''),
	(30,'Rugby Fields',''),
	(31,'Running Tracks',''),
	(32,'Seawall',''),
	(33,'Senior\'s Wellness Circuit',''),
	(34,'Skateboard Parks',''),
	(35,'Soccer Fields',''),
	(36,'Softball',''),
	(37,'Sport Court',''),
	(38,'Swimming Pools',''),
	(39,'Tennis Courts',''),
	(40,'Ultimate Fields',''),
	(41,'Wading Pool',''),
	(42,'Water/Spray Parks',''),
	(43,'Washrooms',NULL),
	(44,'Boat Launch',NULL),
	(45,'Dogs On Leash',NULL),
	(46,'Dog Prohibited',NULL),
	(47,'Natural Areas',NULL),
	(48,'Picnic Shelter',NULL),
	(49,'Trails',NULL);

/*!40000 ALTER TABLE `Facilities` ENABLE KEYS */;
UNLOCK TABLES;


# Dump of table Neighbourhood
# ------------------------------------------------------------

DROP TABLE IF EXISTS `Neighbourhood`;

CREATE TABLE `Neighbourhood` (
  `NeighbourhoodID` int(3) unsigned NOT NULL,
  `NeighbourhoodName` char(35) NOT NULL,
  `NeighbourhoodURL` varchar(128) NOT NULL,
  PRIMARY KEY (`NeighbourhoodID`)
) ENGINE=InnoDB DEFAULT CHARSET=utf8;

LOCK TABLES `Neighbourhood` WRITE;
/*!40000 ALTER TABLE `Neighbourhood` DISABLE KEYS */;

INSERT INTO `Neighbourhood` (`NeighbourhoodID`, `NeighbourhoodName`, `NeighbourhoodURL`)
VALUES
	(0,'North Vancouver',''),
	(1,'Arbutus Ridge','http://vancouver.ca/green-vancouver/arbutus.aspx'),
	(2,'Downtown','http://vancouver.ca/green-vancouver/downtown.aspx'),
	(3,'Dunbar','http://vancouver.ca/green-vancouver/dunbar.aspx'),
	(4,'Fairview','http://vancouver.ca/green-vancouver/fairview.aspx'),
	(5,'Fraserview','http://vancouver.ca/green-vancouver/fraserview.aspx'),
	(6,'Grandview','http://vancouver.ca/green-vancouver/grandview.aspx'),
	(7,'Hastings','http://vancouver.ca/green-vancouver/hastings.aspx'),
	(8,'Kensington Cottage','http://vancouver.ca/green-vancouver/kensington.aspx'),
	(9,'Kerrisdale','http://vancouver.ca/green-vancouver/kerrisdale.aspx'),
	(10,'Killarney','http://vancouver.ca/green-vancouver/killarney.aspx'),
	(11,'Kitslano','http://vancouver.ca/green-vancouver/kitsilano.aspx'),
	(12,'Marpole','http://vancouver.ca/green-vancouver/marpole.aspx'),
	(13,'Mount Pleasant','http://vancouver.ca/green-vancouver/mount-pleasant.aspx'),
	(14,'Oakridge','http://vancouver.ca/green-vancouver/oakridge.aspx'),
	(15,'Refrew','http://vancouver.ca/green-vancouver/renfrew.aspx'),
	(16,'Riley-Little Mountain','http://vancouver.ca/green-vancouver/riley-park.aspx'),
	(17,'Shaughnessy','http://vancouver.ca/green-vancouver/shaughnessy.aspx'),
	(18,'South Cambie','http://vancouver.ca/green-vancouver/south_cambie.aspx'),
	(19,'Strathcona','http://vancouver.ca/green-vancouver/strathcona.aspx'),
	(20,'Sunset','http://vancouver.ca/green-vancouver/sunset.aspx'),
	(21,'West End','http://vancouver.ca/green-vancouver/west-end.aspx'),
	(22,'West Point Grey','http://vancouver.ca/green-vancouver/point-grey.aspx');

/*!40000 ALTER TABLE `Neighbourhood` ENABLE KEYS */;
UNLOCK TABLES;


# Dump of table ParkFacilities
# ------------------------------------------------------------

DROP TABLE IF EXISTS `ParkFacilities`;

CREATE TABLE `ParkFacilities` (
  `ParkFacilityID` smallint(4) unsigned NOT NULL AUTO_INCREMENT,
  `ParkID` smallint(4) NOT NULL,
  `FacilityID` char(3) DEFAULT NULL,
  `FacilityQuantity` char(3) DEFAULT NULL,
  PRIMARY KEY (`ParkFacilityID`)
) ENGINE=InnoDB DEFAULT CHARSET=utf8;

LOCK TABLES `ParkFacilities` WRITE;
/*!40000 ALTER TABLE `ParkFacilities` DISABLE KEYS */;

INSERT INTO `ParkFacilities` (`ParkFacilityID`, `ParkID`, `FacilityID`, `FacilityQuantity`)
VALUES
	(1,1,'27','1'),
	(2,2,'2','3'),
	(3,2,'14','1'),
	(4,2,'16','1'),
	(5,2,'27','1'),
	(6,2,'35','1'),
	(7,2,'36','2'),
	(8,2,'43','1'),
	(9,3,'20','1'),
	(10,3,'35','1'),
	(11,4,'0',''),
	(12,5,'0',''),
	(13,6,'2','2'),
	(14,6,'10','1'),
	(15,6,'11','1'),
	(16,6,'14','1'),
	(17,6,'20','1'),
	(18,6,'27','1'),
	(19,6,'34','1'),
	(20,6,'35','2'),
	(21,6,'24','1'),
	(22,6,'18','1'),
	(23,6,'43','1'),
	(24,7,'0',''),
	(25,8,'2','1'),
	(26,8,'8','1'),
	(27,8,'14','1'),
	(28,8,'27','1'),
	(29,8,'35','2'),
	(30,8,'36','2'),
	(31,8,'40','1'),
	(32,8,'43','1'),
	(33,9,'0',''),
	(34,10,'3','1'),
	(35,10,'13','2'),
	(36,10,'14','1'),
	(37,10,'16','1'),
	(38,10,'22','1'),
	(39,10,'27','3'),
	(40,10,'34','1'),
	(41,10,'35','2'),
	(42,10,'36','1'),
	(43,10,'39','2'),
	(44,10,'40','2'),
	(45,10,'43','1'),
	(47,11,'32','1'),
	(48,12,'0',''),
	(49,13,'7','1'),
	(50,14,'3','1'),
	(51,14,'11','1'),
	(52,14,'27','1'),
	(53,14,'34','1'),
	(54,14,'32','1'),
	(55,15,'27','1'),
	(56,15,'32','1'),
	(57,16,'3','2'),
	(58,16,'27','1'),
	(59,16,'35','1'),
	(60,16,'39','2'),
	(61,16,'32','1'),
	(62,16,'43','1'),
	(63,18,'11','1'),
	(64,18,'32','1'),
	(65,19,'0',''),
	(66,20,'11','1'),
	(67,20,'27','1'),
	(68,21,'28','1'),
	(69,21,'42','1'),
	(70,21,'32','1'),
	(71,21,'43','1'),
	(72,23,'0',''),
	(73,24,'32','1'),
	(74,25,'0',''),
	(75,26,'0',''),
	(76,27,'0',''),
	(77,28,'11','1'),
	(78,28,'14','1'),
	(79,28,'27','2'),
	(80,28,'42','1'),
	(81,28,'43','1'),
	(82,29,'6','1'),
	(83,30,'0',''),
	(84,31,'0',''),
	(85,32,'0',''),
	(86,34,'11','1'),
	(87,34,'22','1'),
	(88,34,'27','1'),
	(89,34,'30','1'),
	(90,34,'31','1'),
	(91,34,'36','1'),
	(92,34,'40','1'),
	(93,34,'41','1'),
	(94,34,'43','1'),
	(95,35,'0',''),
	(96,37,'2','2'),
	(97,37,'14','1'),
	(98,37,'27','1'),
	(99,37,'35','2'),
	(100,37,'42','1'),
	(101,37,'43','1'),
	(102,38,'0',''),
	(103,39,'2','2'),
	(104,39,'3','1'),
	(105,39,'5','1'),
	(106,39,'6','1'),
	(107,39,'14','1'),
	(108,39,'27','1'),
	(109,39,'35','1'),
	(110,39,'39','6'),
	(111,39,'43','1'),
	(112,40,'11','1'),
	(113,40,'35','2'),
	(114,41,'0',''),
	(115,42,'11','1'),
	(116,43,'11','1'),
	(117,43,'27','2'),
	(118,43,'35','1'),
	(119,43,'39','5'),
	(120,43,'32','1'),
	(121,44,'5','2'),
	(122,44,'14','1'),
	(123,44,'27','1'),
	(124,44,'39','4'),
	(125,44,'43','1'),
	(126,45,'27','1'),
	(127,45,'39','2'),
	(128,47,'1','1'),
	(129,47,'3','1'),
	(130,47,'39','2'),
	(131,47,'32','1'),
	(132,48,'0',''),
	(133,49,'0',''),
	(134,50,'0',''),
	(135,51,'1','1'),
	(136,51,'3','1'),
	(137,51,'14','1'),
	(138,51,'35','1'),
	(139,51,'39','2'),
	(140,51,'42','1'),
	(141,51,'43','1'),
	(142,52,'14','1'),
	(143,52,'27','1'),
	(144,52,'42','1'),
	(145,52,'43','1'),
	(146,53,'0',''),
	(147,54,'27','1'),
	(148,54,'35','1'),
	(149,54,'39','2'),
	(150,55,'0',''),
	(151,56,'27','1'),
	(152,57,'3','2'),
	(153,57,'14','1'),
	(154,57,'27','1'),
	(155,57,'39','4'),
	(156,57,'41','1'),
	(157,57,'43','1'),
	(158,58,'0',''),
	(159,60,'27','1'),
	(160,60,'31','1'),
	(161,60,'35','1'),
	(162,60,'36','1'),
	(163,60,'38','1'),
	(164,61,'0',''),
	(165,62,'27','1'),
	(166,62,'43','1'),
	(167,63,'27','1'),
	(168,64,'27','1'),
	(169,64,'35','2'),
	(170,64,'36','2'),
	(171,64,'41','1'),
	(172,64,'43','1'),
	(173,65,'14','1'),
	(174,65,'16','2'),
	(175,65,'35','3'),
	(176,65,'43','1'),
	(177,66,'0',''),
	(178,67,'14','1'),
	(179,67,'27','1'),
	(180,67,'39','2'),
	(181,67,'41','1'),
	(182,67,'43','1'),
	(183,68,'27','1'),
	(184,69,'0',''),
	(185,70,'2','1'),
	(186,70,'22','1'),
	(187,70,'27','1'),
	(188,70,'35','3'),
	(189,70,'41','1'),
	(190,70,'43','1'),
	(191,71,'11','1'),
	(192,72,'3','1'),
	(193,72,'34','1'),
	(194,72,'35','2'),
	(195,72,'36','2'),
	(196,73,'2','1'),
	(197,73,'3','1'),
	(198,73,'6','1'),
	(199,73,'14','1'),
	(200,73,'27','2'),
	(201,73,'39','2'),
	(202,73,'42','1'),
	(203,73,'43','1'),
	(204,74,'27','1'),
	(205,74,'39','2'),
	(206,75,'11','1'),
	(207,75,'14','1'),
	(208,75,'15','1'),
	(209,75,'26','1'),
	(210,75,'27','2'),
	(211,75,'35','1'),
	(212,75,'38','1'),
	(213,75,'39','4'),
	(214,75,'43','2'),
	(215,76,'14','1'),
	(216,76,'16','1'),
	(217,76,'17','1'),
	(218,76,'27','1'),
	(219,76,'30','1'),
	(220,76,'35','1'),
	(221,76,'36','1'),
	(222,76,'39','4'),
	(223,76,'43','2'),
	(224,77,'2','1'),
	(225,77,'7','1'),
	(226,77,'11','1'),
	(227,77,'14','1'),
	(228,77,'27','1'),
	(229,77,'35','1'),
	(230,77,'41','1'),
	(231,77,'43','1'),
	(232,78,'27','1'),
	(233,79,'1','1'),
	(234,79,'3','1'),
	(235,79,'14','1'),
	(236,79,'27','1'),
	(237,79,'35','1'),
	(238,79,'39','2'),
	(239,79,'41','1'),
	(240,79,'43','1'),
	(241,80,'1','1'),
	(242,80,'3','2'),
	(243,80,'27','2'),
	(244,81,'1','1'),
	(245,81,'3','1'),
	(246,81,'27','2'),
	(247,81,'35','1'),
	(248,81,'36','1'),
	(249,81,'39','4'),
	(250,81,'42','1'),
	(251,82,'1','1'),
	(252,82,'27','1'),
	(253,82,'40','1'),
	(254,83,'3','1'),
	(255,83,'27','1'),
	(256,84,'1','1'),
	(257,84,'3','1'),
	(258,84,'5','2'),
	(259,84,'27','1'),
	(260,84,'39','2'),
	(261,84,'41','1'),
	(262,84,'43','1'),
	(263,85,'1','1'),
	(264,85,'2','2'),
	(265,85,'3','1'),
	(266,85,'6','1'),
	(267,85,'11','1'),
	(268,85,'14','1'),
	(269,85,'15','1'),
	(270,85,'20','1'),
	(271,85,'22','1'),
	(272,85,'26','1'),
	(273,85,'27','2'),
	(274,85,'29','1'),
	(275,85,'30','1'),
	(276,85,'35','2'),
	(277,85,'36','2'),
	(278,85,'39','3'),
	(279,85,'43','1'),
	(280,86,'11','1'),
	(281,86,'14','1'),
	(282,86,'27','1'),
	(283,86,'35','1'),
	(284,86,'43','1'),
	(285,87,'6','1'),
	(286,87,'7','1'),
	(287,87,'27','1'),
	(288,87,'34','1'),
	(289,87,'35','2'),
	(290,87,'36','4'),
	(291,87,'38','1'),
	(292,88,'3','1'),
	(293,88,'11','1'),
	(294,88,'27','1'),
	(295,88,'40','1'),
	(296,89,'27','1'),
	(297,90,'35','1'),
	(298,91,'2','1'),
	(299,91,'5','1'),
	(300,91,'14','1'),
	(301,91,'35','1'),
	(302,91,'39','2'),
	(303,91,'43','1'),
	(304,92,'11','1'),
	(305,92,'26','1'),
	(306,92,'43','1'),
	(307,93,'6','1'),
	(308,93,'27','1'),
	(309,93,'38','1'),
	(310,95,'0',''),
	(311,96,'14','1'),
	(312,96,'26','1'),
	(313,96,'27','1'),
	(314,96,'35','1'),
	(315,96,'41','1'),
	(316,96,'43','1'),
	(317,97,'0',''),
	(318,98,'17','1'),
	(319,98,'28','1'),
	(320,99,'39','2'),
	(321,100,'6','1'),
	(322,100,'27','4'),
	(323,100,'35','1'),
	(324,100,'36','2'),
	(325,100,'39','4'),
	(326,101,'11','1'),
	(327,101,'43','1'),
	(328,102,'11','1'),
	(329,102,'17','1'),
	(330,102,'20','1'),
	(331,102,'28','1'),
	(332,102,'43','1'),
	(333,103,'2','3'),
	(334,103,'6','1'),
	(335,103,'7','1'),
	(336,103,'11','1'),
	(337,103,'14','1'),
	(338,103,'22','2'),
	(339,103,'27','2'),
	(340,103,'29','1'),
	(341,103,'31','1'),
	(342,103,'35','3'),
	(343,103,'36','1'),
	(344,103,'38','1'),
	(345,103,'40','1'),
	(346,103,'41','1'),
	(347,104,'0',''),
	(348,105,'11','1'),
	(349,105,'35','1'),
	(350,106,'27','1'),
	(351,106,'39','2'),
	(352,108,'6','1'),
	(353,108,'8','1'),
	(354,108,'14','1'),
	(355,108,'22','1'),
	(356,108,'27','1'),
	(357,108,'29','1'),
	(358,108,'30','2'),
	(359,108,'35','1'),
	(360,108,'36','4'),
	(361,108,'42','1'),
	(362,109,'27','1'),
	(363,110,'11','1'),
	(364,110,'32','1'),
	(365,110,'43','1'),
	(366,111,'0',''),
	(367,112,'3','2'),
	(368,112,'4','1'),
	(369,112,'15','1'),
	(370,112,'27','1'),
	(371,112,'28','1'),
	(372,112,'38','1'),
	(373,112,'39','10'),
	(374,112,'42','1'),
	(375,112,'32','1'),
	(376,112,'43','2'),
	(377,113,'0',''),
	(378,114,'14','1'),
	(379,114,'27','1'),
	(380,114,'35','1'),
	(381,114,'36','2'),
	(382,114,'39','4'),
	(383,114,'43','1'),
	(384,115,'0',''),
	(385,116,'0',''),
	(386,117,'0',''),
	(387,118,'0',''),
	(388,119,'14','1'),
	(389,119,'27','1'),
	(390,119,'39','3'),
	(391,119,'43','1'),
	(392,120,'32','1'),
	(393,120,'43','1'),
	(394,121,'0',''),
	(395,122,'27','1'),
	(396,123,'39','4'),
	(397,124,'27','1'),
	(398,126,'1','1'),
	(399,126,'2','2'),
	(400,126,'3','1'),
	(401,126,'6','1'),
	(402,126,'14','1'),
	(403,126,'22','1'),
	(404,126,'23','1'),
	(405,126,'27','1'),
	(406,126,'35','3'),
	(407,126,'36','2'),
	(408,126,'39','2'),
	(409,126,'42','1'),
	(410,126,'43','1'),
	(411,127,'27','1'),
	(412,128,'14','1'),
	(413,128,'35','1'),
	(414,128,'36','1'),
	(415,130,'3','1'),
	(416,130,'27','1'),
	(417,131,'14','1'),
	(418,131,'16','1'),
	(419,131,'27','1'),
	(420,131,'30','1'),
	(421,131,'36','1'),
	(422,131,'40','3'),
	(423,131,'43','1'),
	(424,133,'20','1'),
	(425,133,'27','1'),
	(426,133,'35','1'),
	(427,133,'36','2'),
	(428,134,'34','1'),
	(429,136,'27','1'),
	(430,136,'39','2'),
	(431,137,'14','1'),
	(432,137,'27','1'),
	(433,137,'35','1'),
	(434,137,'36','1'),
	(435,137,'43','1'),
	(436,138,'27','1'),
	(437,139,'27','1'),
	(438,139,'34','1'),
	(439,140,'1','1'),
	(440,140,'3','2'),
	(441,140,'14','1'),
	(442,140,'27','1'),
	(443,140,'35','1'),
	(444,140,'39','3'),
	(445,140,'41','1'),
	(446,140,'43','1'),
	(447,141,'27','1'),
	(448,142,'',''),
	(449,143,'14','1'),
	(450,143,'27','1'),
	(451,143,'36','2'),
	(452,143,'40','2'),
	(453,143,'41','1'),
	(454,143,'43','1'),
	(455,144,'0',''),
	(456,145,'17','1'),
	(457,145,'20','1'),
	(458,145,'27','1'),
	(459,145,'28','1'),
	(460,145,'39','4'),
	(461,146,'14','1'),
	(462,146,'27','1'),
	(463,146,'35','2'),
	(464,146,'36','3'),
	(465,146,'43','1'),
	(466,147,'16','1'),
	(467,147,'36','1'),
	(468,147,'40','2'),
	(469,147,'19','1'),
	(470,148,'2','1'),
	(471,148,'13','1'),
	(472,148,'14','1'),
	(473,148,'22','1'),
	(474,148,'27','1'),
	(475,148,'35','3'),
	(476,148,'36','1'),
	(477,148,'43','1'),
	(478,149,'27','1'),
	(479,150,'27','1'),
	(480,151,'3','1'),
	(481,151,'14','1'),
	(482,151,'27','1'),
	(483,151,'35','1'),
	(484,151,'36','1'),
	(485,151,'41','1'),
	(486,151,'43','1'),
	(487,152,'20','1'),
	(488,152,'27','1'),
	(489,152,'35','1'),
	(490,152,'36','1'),
	(491,153,'2','2'),
	(492,153,'7','1'),
	(493,153,'11','1'),
	(494,153,'14','1'),
	(495,153,'16','1'),
	(496,153,'27','2'),
	(497,153,'35','1'),
	(498,153,'41','1'),
	(499,153,'43','1'),
	(500,154,'27','1'),
	(501,155,'3','1'),
	(502,155,'35','1'),
	(503,155,'36','1'),
	(504,156,'3','1'),
	(505,156,'39','2'),
	(506,157,'14','1'),
	(507,157,'27','1'),
	(508,157,'35','1'),
	(509,157,'36','2'),
	(510,157,'42','1'),
	(511,157,'43','1'),
	(512,158,'27','1'),
	(513,159,'1','1'),
	(514,159,'6','1'),
	(515,159,'14','1'),
	(516,159,'16','1'),
	(517,159,'21','1'),
	(518,159,'22','1'),
	(519,159,'27','1'),
	(520,159,'36','1'),
	(521,159,'38','1'),
	(522,159,'41','1'),
	(523,160,'0',''),
	(524,161,'14','1'),
	(525,161,'27','1'),
	(526,161,'35','1'),
	(527,161,'39','4'),
	(528,161,'40','1'),
	(529,161,'41','1'),
	(530,161,'43','1'),
	(531,162,'27','1'),
	(532,163,'0',''),
	(533,164,'2','4'),
	(534,164,'14','1'),
	(535,164,'20','1'),
	(536,164,'27','1'),
	(537,164,'29','1'),
	(538,164,'35','3'),
	(539,164,'38','1'),
	(540,165,'2','1'),
	(541,165,'11','1'),
	(542,165,'22','1'),
	(543,166,'14','1'),
	(544,166,'27','1'),
	(545,166,'35','1'),
	(546,166,'42','1'),
	(547,166,'43','1'),
	(548,167,'1','2'),
	(549,167,'3','4'),
	(550,167,'5','1'),
	(551,167,'10','1'),
	(552,167,'11','1'),
	(553,167,'14','1'),
	(554,167,'17','1'),
	(555,167,'23','2'),
	(556,167,'28','1'),
	(557,167,'39','17'),
	(558,167,'43','3'),
	(559,168,'2','1'),
	(560,168,'3','1'),
	(561,168,'6','1'),
	(562,168,'14','1'),
	(563,168,'27','2'),
	(564,168,'35','1'),
	(565,168,'41','1'),
	(566,169,'0',''),
	(567,170,'0',''),
	(568,171,'2','2'),
	(569,171,'13','1'),
	(570,171,'29','1'),
	(571,171,'29','1'),
	(572,171,'31','1'),
	(573,171,'35','2'),
	(574,171,'40','1'),
	(575,172,'0',''),
	(576,173,'28','1'),
	(577,173,'43','2'),
	(578,174,'14','1'),
	(579,174,'22','1'),
	(580,174,'30','1'),
	(581,174,'36','1'),
	(582,174,'43','1'),
	(583,175,'3','1'),
	(584,175,'6','1'),
	(585,175,'8','2'),
	(586,175,'20','1'),
	(587,175,'27','2'),
	(588,175,'35','3'),
	(589,175,'36','4'),
	(590,175,'41','1'),
	(591,177,'22','1'),
	(592,177,'27','1'),
	(593,177,'39','4'),
	(594,179,'14','1'),
	(595,179,'27','1'),
	(596,179,'36','1'),
	(597,179,'42','1'),
	(598,179,'43','1'),
	(599,180,'14','1'),
	(600,180,'26','1'),
	(601,180,'27','1'),
	(602,180,'33','1'),
	(603,180,'37','1'),
	(604,180,'43','1'),
	(605,181,'2','1'),
	(606,181,'3','1'),
	(607,181,'11','1'),
	(608,181,'14','1'),
	(609,181,'27','1'),
	(610,181,'31','1'),
	(611,181,'34','1'),
	(612,181,'35','4'),
	(613,181,'36','2'),
	(614,181,'39','4'),
	(615,181,'43','1'),
	(616,182,'27','1'),
	(617,184,'11','1'),
	(618,184,'27','1'),
	(619,184,'40','1'),
	(620,185,'27','1'),
	(621,185,'39','3'),
	(622,186,'1','1'),
	(623,186,'2','1'),
	(624,186,'8','1'),
	(625,186,'13','1'),
	(626,186,'14','2'),
	(627,186,'21','1'),
	(628,186,'22','1'),
	(629,186,'26','1'),
	(630,186,'27','1'),
	(631,186,'31','1'),
	(632,186,'35','4'),
	(633,186,'36','2'),
	(634,186,'39','4'),
	(635,186,'40','1'),
	(636,186,'41','1'),
	(637,186,'43','1'),
	(638,187,'7','1'),
	(639,187,'14','1'),
	(640,187,'27','1'),
	(641,187,'35','2'),
	(642,187,'39','4'),
	(643,187,'43','1'),
	(644,188,'14','1'),
	(645,188,'16','1'),
	(646,188,'27','1'),
	(647,188,'35','1'),
	(648,188,'36','1'),
	(649,188,'41','1'),
	(650,188,'43','1'),
	(651,189,'6','1'),
	(652,189,'11','1'),
	(653,189,'27','1'),
	(654,189,'29','1'),
	(655,189,'35','1'),
	(656,191,'14','1'),
	(657,191,'27','1'),
	(658,191,'35','2'),
	(659,191,'36','4'),
	(660,191,'41','1'),
	(661,191,'43','1'),
	(662,192,'27','1'),
	(663,192,'35','1'),
	(664,192,'12','1'),
	(665,192,'25','1'),
	(666,193,'0',''),
	(667,194,'2','2'),
	(668,194,'14','1'),
	(669,194,'16','1'),
	(670,194,'30','2'),
	(671,194,'35','1'),
	(672,194,'36','4'),
	(673,194,'43','1'),
	(674,195,'3','1'),
	(675,195,'27','1'),
	(676,195,'39','2'),
	(677,196,'2','3'),
	(678,196,'14','1'),
	(679,196,'27','1'),
	(680,196,'40','1'),
	(681,196,'41','1'),
	(682,196,'43','1'),
	(683,197,'3','1'),
	(684,197,'26','1'),
	(685,197,'27','2'),
	(686,197,'39','2'),
	(687,197,'40','1'),
	(688,197,'43','1'),
	(689,198,'11','1'),
	(690,198,'27','1'),
	(691,199,'0',''),
	(692,200,'0',''),
	(693,200,'43','1'),
	(694,201,'4','1'),
	(695,201,'32','1'),
	(696,201,'43','1'),
	(697,202,'0',''),
	(698,203,'11','1'),
	(699,203,'27','1'),
	(700,204,'0',''),
	(701,206,'5','2'),
	(702,206,'8','2'),
	(703,206,'11','1'),
	(704,206,'14','3'),
	(705,206,'15','7'),
	(706,206,'17','1'),
	(707,206,'20','3'),
	(708,206,'22','1'),
	(709,206,'26','1'),
	(710,206,'26','1'),
	(711,206,'26','1'),
	(712,206,'26','1'),
	(713,206,'27','4'),
	(714,206,'28','4'),
	(715,206,'30','2'),
	(716,206,'31','1'),
	(717,206,'36','2'),
	(718,206,'38','1'),
	(719,206,'39','21'),
	(720,206,'42','1'),
	(721,206,'9','3'),
	(722,206,'32','1'),
	(723,206,'43','16'),
	(724,207,'1','1'),
	(725,207,'4','1'),
	(726,207,'11','1'),
	(727,207,'14','1'),
	(728,207,'15','1'),
	(729,207,'23','1'),
	(730,207,'32','1'),
	(731,207,'43','1'),
	(732,208,'0',''),
	(733,209,'0',''),
	(734,212,'0',''),
	(735,213,'0',''),
	(736,217,'27','1'),
	(737,218,'2','1'),
	(738,218,'4','1'),
	(739,218,'13','1'),
	(740,218,'15','1'),
	(741,218,'26','1'),
	(742,218,'30','1'),
	(743,218,'35','3'),
	(744,218,'36','1'),
	(745,218,'39','4'),
	(746,218,'40','1'),
	(747,218,'43','2'),
	(748,219,'4','1'),
	(749,219,'11','1'),
	(750,219,'15','1'),
	(751,219,'26','1'),
	(752,219,'27','1'),
	(753,219,'43','1'),
	(754,220,'4','1'),
	(755,220,'11','1'),
	(756,220,'15','2'),
	(757,220,'9','1'),
	(758,220,'43','2'),
	(759,221,'2','1'),
	(760,221,'3','2'),
	(761,221,'5','2'),
	(762,221,'14','1'),
	(763,221,'27','1'),
	(764,221,'35','2'),
	(765,221,'39','4'),
	(766,221,'41','1'),
	(767,221,'43','1'),
	(768,222,'27','1'),
	(769,224,'27','1'),
	(770,225,'32','1'),
	(771,228,'11','1'),
	(772,228,'13','1'),
	(773,228,'20','1'),
	(774,228,'35','1'),
	(775,228,'40','2'),
	(776,228,'24','1'),
	(777,231,'0',''),
	(778,233,'0',''),
	(779,234,'27','1'),
	(780,235,'42','1'),
	(781,236,'27','1'),
	(782,237,'0',''),
	(783,238,'0',''),
	(784,240,'11','1'),
	(785,240,'27','1'),
	(786,241,'0',''),
	(787,244,'0',''),
	(788,245,'13','2'),
	(789,245,'35','2'),
	(790,245,'40','1'),
	(791,245,'43','1'),
	(793,246,'2',''),
	(794,246,'46',''),
	(795,246,'47',''),
	(796,246,'27',''),
	(797,246,'35',''),
	(798,247,'45',''),
	(799,247,'47',''),
	(800,247,'49',''),
	(801,248,'45',''),
	(802,248,'47',''),
	(803,248,'26',''),
	(804,248,'48',''),
	(805,248,'27',''),
	(806,248,'49',''),
	(807,248,'43',''),
	(808,249,'2',''),
	(809,249,'46',''),
	(810,249,'47',''),
	(811,250,'45',''),
	(812,250,'47',''),
	(813,250,'49',''),
	(814,251,'45',''),
	(815,251,'26',''),
	(816,251,'27',''),
	(817,251,'49',''),
	(818,252,'44',''),
	(819,252,'15',''),
	(820,252,'45',''),
	(821,252,'47',''),
	(822,252,'26',''),
	(823,252,'48',''),
	(824,252,'27',''),
	(825,252,'39',''),
	(826,252,'49',''),
	(827,252,'43',''),
	(828,253,'2',''),
	(829,253,'46',''),
	(830,253,'47',''),
	(831,253,'27',''),
	(832,253,'35',''),
	(833,253,'39',''),
	(834,253,'49',''),
	(835,253,'43',''),
	(836,254,'11',''),
	(837,254,'47',''),
	(838,254,'49',''),
	(839,255,'45',''),
	(840,255,'47',''),
	(841,255,'26',''),
	(842,255,'48',''),
	(843,255,'27',''),
	(844,255,'49',''),
	(845,255,'43',''),
	(846,256,'2',''),
	(847,256,'46',''),
	(848,256,'47',''),
	(849,256,'27',''),
	(850,256,'35',''),
	(851,256,'39',''),
	(852,256,'49',''),
	(853,256,'43',''),
	(854,257,'3',''),
	(855,257,'45',''),
	(856,257,'47',''),
	(857,257,'27',''),
	(858,257,'49',''),
	(859,258,'2',''),
	(860,258,'45',''),
	(861,258,'47',''),
	(862,258,'27',''),
	(863,258,'35',''),
	(864,258,'39',''),
	(865,258,'49',''),
	(866,258,'43',''),
	(867,258,'42',''),
	(868,259,'45',''),
	(869,259,'47',''),
	(870,259,'26',''),
	(871,259,'21',''),
	(872,259,'27',''),
	(873,259,'39',''),
	(874,259,'49',''),
	(875,260,'45',''),
	(876,260,'47',''),
	(877,260,'27',''),
	(878,260,'39',''),
	(879,260,'49',''),
	(880,261,'45',''),
	(881,261,'47',''),
	(882,261,'27',''),
	(883,262,'11',''),
	(884,262,'47',''),
	(885,262,'49',''),
	(886,263,'45',''),
	(887,263,'47',''),
	(888,263,'49',''),
	(889,264,'45',''),
	(890,264,'47',''),
	(891,264,'27',''),
	(892,264,'39',''),
	(893,264,'49',''),
	(894,264,'43',''),
	(895,265,'2',''),
	(896,265,'45',''),
	(897,265,'47',''),
	(898,265,'21',''),
	(899,265,'27',''),
	(900,265,'34',''),
	(901,265,'35',''),
	(902,265,'49',''),
	(903,266,'2',''),
	(904,266,'46',''),
	(905,266,'47',''),
	(906,266,'27',''),
	(907,266,'35',''),
	(908,266,'49',''),
	(909,266,'43',''),
	(910,266,'42',''),
	(911,267,'2',''),
	(912,267,'3',''),
	(913,267,'45',''),
	(914,267,'47',''),
	(915,267,'21',''),
	(916,267,'27',''),
	(917,267,'34',''),
	(918,267,'35',''),
	(919,267,'39',''),
	(920,267,'49',''),
	(921,267,'43',''),
	(922,268,'45',''),
	(923,268,'47',''),
	(924,268,'35',''),
	(925,268,'49',''),
	(926,268,'43',''),
	(927,269,'45',''),
	(928,269,'47',''),
	(929,269,'49',''),
	(930,270,'45',''),
	(931,271,'15',''),
	(932,271,'11',''),
	(933,271,'45',''),
	(934,271,'47',''),
	(935,271,'26',''),
	(936,271,'48',''),
	(937,271,'49',''),
	(938,271,'43',''),
	(939,272,'2',''),
	(940,272,'46',''),
	(941,272,'35',''),
	(942,272,'43',''),
	(943,273,'45',''),
	(944,273,'47',''),
	(945,273,'49',''),
	(946,274,'46',''),
	(947,274,'47',''),
	(948,274,'27',''),
	(949,274,'49',''),
	(950,274,'43',''),
	(951,275,'2',''),
	(952,275,'45',''),
	(953,275,'47',''),
	(954,275,'27',''),
	(955,275,'35',''),
	(956,275,'39',''),
	(957,275,'49',''),
	(958,275,'43',''),
	(959,276,'11',''),
	(960,276,'47',''),
	(961,276,'49',''),
	(962,277,'11',''),
	(963,277,'47',''),
	(964,277,'49',''),
	(965,278,'11',''),
	(966,278,'47',''),
	(967,278,'49',''),
	(968,279,'45',''),
	(969,279,'47',''),
	(970,279,'49',''),
	(971,280,'45',''),
	(972,280,'47',''),
	(973,280,'26',''),
	(974,280,'27',''),
	(975,280,'39',''),
	(976,280,'49',''),
	(977,280,'43',''),
	(978,281,'46',''),
	(979,281,'17',''),
	(980,282,'2',''),
	(981,282,'45',''),
	(982,282,'47',''),
	(983,282,'26',''),
	(984,282,'21',''),
	(985,282,'27',''),
	(986,282,'35',''),
	(987,282,'39',''),
	(988,282,'49',''),
	(989,282,'43',''),
	(990,282,'42',''),
	(991,283,'2',''),
	(992,283,'46',''),
	(993,283,'35',''),
	(994,283,'43',''),
	(995,284,'45',''),
	(996,284,'17',''),
	(997,284,'47',''),
	(998,284,'49',''),
	(999,285,'45',''),
	(1000,285,'47',''),
	(1001,285,'26',''),
	(1002,285,'48',''),
	(1003,285,'27',''),
	(1004,285,'49',''),
	(1005,285,'43',''),
	(1006,286,'2',''),
	(1007,286,'45',''),
	(1008,286,'47',''),
	(1009,286,'27',''),
	(1010,286,'35',''),
	(1011,286,'49',''),
	(1012,286,'43',''),
	(1013,287,'45',''),
	(1014,287,'47',''),
	(1015,287,'49',''),
	(1016,288,'45',''),
	(1017,288,'47',''),
	(1018,288,'49',''),
	(1019,289,'11',''),
	(1020,289,'45',''),
	(1021,289,'47',''),
	(1022,289,'26',''),
	(1023,289,'48',''),
	(1024,289,'27',''),
	(1025,289,'39',''),
	(1026,289,'49',''),
	(1027,289,'43',''),
	(1028,290,'45',''),
	(1029,290,'47',''),
	(1030,290,'35',''),
	(1031,290,'49',''),
	(1032,291,'2',''),
	(1033,291,'46',''),
	(1034,291,'47',''),
	(1035,291,'27',''),
	(1036,291,'34',''),
	(1037,291,'35',''),
	(1038,291,'49',''),
	(1039,292,'2',''),
	(1040,292,'46',''),
	(1041,292,'27',''),
	(1042,292,'35',''),
	(1043,293,'46',''),
	(1044,293,'47',''),
	(1045,293,'27',''),
	(1046,294,'11',''),
	(1047,294,'47',''),
	(1048,294,'49',''),
	(1049,295,'2',''),
	(1050,295,'46',''),
	(1051,295,'47',''),
	(1052,295,'27',''),
	(1053,295,'49',''),
	(1054,295,'43',''),
	(1055,295,'42',''),
	(1056,296,'45',''),
	(1057,296,'47',''),
	(1058,296,'39',''),
	(1059,296,'49',''),
	(1060,297,'45',''),
	(1061,297,'47',''),
	(1062,297,'49',''),
	(1063,298,'2',''),
	(1064,298,'45',''),
	(1065,298,'47',''),
	(1066,298,'21',''),
	(1067,298,'27',''),
	(1068,298,'34',''),
	(1069,298,'35',''),
	(1070,298,'49',''),
	(1071,299,'45',''),
	(1072,299,'47',''),
	(1073,299,'49','');

/*!40000 ALTER TABLE `ParkFacilities` ENABLE KEYS */;
UNLOCK TABLES;


# Dump of table Parks
# ------------------------------------------------------------

DROP TABLE IF EXISTS `Parks`;

CREATE TABLE `Parks` (
  `ParkID` int(3) unsigned NOT NULL AUTO_INCREMENT,
  `ParkName` char(40) NOT NULL,
  `ParkURL` char(128) DEFAULT NULL,
  `ParkAddress` char(255) NOT NULL DEFAULT '',
  `ParkLat` decimal(14,6) NOT NULL,
  `ParkLng` decimal(14,6) NOT NULL,
  `ParkHectares` decimal(5,2) DEFAULT NULL,
  `NeighbourhoodID` int(3) DEFAULT NULL,
  `slug` char(125) NOT NULL,
  `Region` varchar(5) DEFAULT NULL,
  PRIMARY KEY (`ParkID`)
) ENGINE=InnoDB DEFAULT CHARSET=utf8;

LOCK TABLES `Parks` WRITE;
/*!40000 ALTER TABLE `Parks` DISABLE KEYS */;

INSERT INTO `Parks` (`ParkID`, `ParkName`, `ParkURL`, `ParkAddress`, `ParkLat`, `ParkLng`, `ParkHectares`, `NeighbourhoodID`, `slug`, `Region`)
VALUES
	(1,'Arbutus Village Park','http://cfapp.vancouver.ca/parkfinder_wa/index.cfm?fuseaction=FAC.ParkDetails&park_id=1','4202 Valley Drive',49.249783,-123.155250,1.41,1,'arbutus-village-park','VAN'),
	(2,'Carnarvon Park','http://cfapp.vancouver.ca/parkfinder_wa/index.cfm?fuseaction=FAC.ParkDetails&park_id=2','2995 W 19th Avenue',49.256555,-123.171406,3.79,1,'carnarvon-park','VAN'),
	(3,'Prince Of Wales Park','http://cfapp.vancouver.ca/parkfinder_wa/index.cfm?fuseaction=FAC.ParkDetails&park_id=3','4780 Haggart Street',49.244397,-123.156429,2.89,1,'prince-of-wales-park','VAN'),
	(4,'Park Site On Puget Drive','http://cfapp.vancouver.ca/parkfinder_wa/index.cfm?fuseaction=FAC.ParkDetails&park_id=4','4309 Puget Drive',49.247723,-123.168194,0.09,1,'park-site-on-puget-drive','VAN'),
	(5,'Park Site On Quesnel Drive','http://cfapp.vancouver.ca/parkfinder_wa/index.cfm?fuseaction=FAC.ParkDetails&park_id=5','4301 Quesnel Drive',49.247623,-123.169948,0.03,1,'park-site-on-quesnel-drive','VAN'),
	(6,'Quilchena Park','http://cfapp.vancouver.ca/parkfinder_wa/index.cfm?fuseaction=FAC.ParkDetails&park_id=6','4590 Magnolia Street',49.243690,-123.148865,7.67,1,'quilchena-park','VAN'),
	(7,'Ravine Park','http://cfapp.vancouver.ca/parkfinder_wa/index.cfm?fuseaction=FAC.ParkDetails&park_id=7','2159 W 36th Avenue',49.240902,-123.155935,0.72,1,'ravine-park','VAN'),
	(8,'Trafalgar Park','http://cfapp.vancouver.ca/parkfinder_wa/index.cfm?fuseaction=FAC.ParkDetails&park_id=8','2610 W 23rd Avenue',49.250460,-123.161879,4.85,1,'trafalgar-park','VAN'),
	(9,'Park Site On Trafalgar Street','http://cfapp.vancouver.ca/parkfinder_wa/index.cfm?fuseaction=FAC.ParkDetails&park_id=9','4600 Trafalgar Street',49.244396,-123.165105,0.14,1,'park-site-on-trafalgar-street','VAN'),
	(10,'Andy Livingstone Park','http://cfapp.vancouver.ca/parkfinder_wa/index.cfm?fuseaction=FAC.ParkDetails&park_id=10','89 Expo Boulevard',49.278923,-123.105500,4.21,2,'andy-livingstone-park','VAN'),
	(11,'Cardero Park','http://cfapp.vancouver.ca/parkfinder_wa/index.cfm?fuseaction=FAC.ParkDetails&park_id=11','1601 Bayshore Drive',49.292211,-123.128206,0.33,21,'cardero-park','VAN'),
	(12,'Cathedral Square','http://cfapp.vancouver.ca/parkfinder_wa/index.cfm?fuseaction=FAC.ParkDetails&park_id=12','566 Richards Street',49.282084,-123.113877,0.27,2,'cathedral-square','VAN'),
	(13,'Coal Harbour Park','http://cfapp.vancouver.ca/parkfinder_wa/index.cfm?fuseaction=FAC.ParkDetails&park_id=13','480 Broughton Street',49.289981,-123.125015,0.95,2,'coal-harbour-park','VAN'),
	(14,'Coopers\' Park','http://cfapp.vancouver.ca/parkfinder_wa/index.cfm?fuseaction=FAC.ParkDetails&park_id=14','1020 Marinaside Crescent',49.273253,-123.113900,1.71,2,'coopers-park','VAN'),
	(15,'Creekside Park','http://cfapp.vancouver.ca/parkfinder_wa/index.cfm?fuseaction=FAC.ParkDetails&park_id=15','1455 Quebec Street',49.274415,-123.102924,2.53,2,'creekside-park','VAN'),
	(16,'David Lam Park','http://cfapp.vancouver.ca/parkfinder_wa/index.cfm?fuseaction=FAC.ParkDetails&park_id=16','1300 Pacific Boulevard',49.272569,-123.124145,4.34,2,'david-lam-park','VAN'),
	(18,'Devonian Harbour Park','http://cfapp.vancouver.ca/parkfinder_wa/index.cfm?fuseaction=FAC.ParkDetails&park_id=18','1929 W Georgia Street',49.294353,-123.134654,4.42,2,'devonian-harbour-park','VAN'),
	(19,'Discovery Square','http://cfapp.vancouver.ca/parkfinder_wa/index.cfm?fuseaction=FAC.ParkDetails&park_id=19','625 Burrard Street',49.285911,-123.120948,0.10,2,'discovery-square','VAN'),
	(20,'Emery Barnes Park','http://cfapp.vancouver.ca/parkfinder_wa/index.cfm?fuseaction=FAC.ParkDetails&park_id=20',' Davie Street & Richards Street',49.276458,-123.123995,0.85,2,'emery-barnes-park','VAN'),
	(21,'Harbour Green Park','http://cfapp.vancouver.ca/parkfinder_wa/index.cfm?fuseaction=FAC.ParkDetails&park_id=21','1199 W Cordova Street',49.290263,-123.121924,3.10,2,'harbour-green-park','VAN'),
	(23,'Helmcken Park','http://cfapp.vancouver.ca/parkfinder_wa/index.cfm?fuseaction=FAC.ParkDetails&park_id=23','1103 Pacific Boulevard',49.274814,-123.119555,0.17,2,'helmcken-park','VAN'),
	(24,'Marina Square','http://cfapp.vancouver.ca/parkfinder_wa/index.cfm?fuseaction=FAC.ParkDetails&park_id=24','1675 Bayshore Drive',49.292334,-123.131296,0.63,2,'marina-square','VAN'),
	(25,'May & Lorne Brown Park','http://cfapp.vancouver.ca/parkfinder_wa/index.cfm?fuseaction=FAC.ParkDetails&park_id=25','801 Beach Avenue',49.275188,-123.132046,0.25,2,'may-lorne-brown-park','VAN'),
	(26,'Pioneer Place (pigeon Park)','http://cfapp.vancouver.ca/parkfinder_wa/index.cfm?fuseaction=FAC.ParkDetails&park_id=26','399 Carrall Street',49.281699,-123.104588,0.03,2,'pioneer-place','VAN'),
	(27,'Portal Park','http://cfapp.vancouver.ca/parkfinder_wa/index.cfm?fuseaction=FAC.ParkDetails&park_id=27','1099 W Hastings Street',49.288042,-123.119169,0.10,2,'portal-park','VAN'),
	(28,'Crab Park At Portside','http://cfapp.vancouver.ca/parkfinder_wa/index.cfm?fuseaction=FAC.ParkDetails&park_id=28','101 E Waterfront Road',49.284942,-123.102377,3.31,2,'crab-park-at-portside','VAN'),
	(29,'Roundhouse Turntable Plaza','http://cfapp.vancouver.ca/parkfinder_wa/index.cfm?fuseaction=FAC.ParkDetails&park_id=29','181 Roundhouse Mews',49.273379,-123.121603,0.91,2,'roundhouse-turntable-plaza','VAN'),
	(30,'Sun Yat-sen Gardens','http://cfapp.vancouver.ca/parkfinder_wa/index.cfm?fuseaction=FAC.ParkDetails&park_id=30','578 Carrall Street',49.279691,-123.104233,0.83,2,'sun-yat-sen-gardens','VAN'),
	(31,'Victory Square','http://cfapp.vancouver.ca/parkfinder_wa/index.cfm?fuseaction=FAC.ParkDetails&park_id=31','200 W Hastings Street',49.282218,-123.110133,0.39,2,'victory-square','VAN'),
	(32,'Wendy Poole Park','http://cfapp.vancouver.ca/parkfinder_wa/index.cfm?fuseaction=FAC.ParkDetails&park_id=32','199 Alexander Street',49.284296,-123.099666,0.04,2,'wendy-poole-park','VAN'),
	(34,'Balaclava Park','http://cfapp.vancouver.ca/parkfinder_wa/index.cfm?fuseaction=FAC.ParkDetails&park_id=34','4594 Balaclava Street',49.244951,-123.175247,5.00,3,'balaclava-park','VAN'),
	(35,'Park Site On Blenheim','http://cfapp.vancouver.ca/parkfinder_wa/index.cfm?fuseaction=FAC.ParkDetails&park_id=35','3500 Quadra Street',49.255575,-123.178934,0.07,1,'park-site-on-blenheim','VAN'),
	(37,'Chaldecott Park','http://cfapp.vancouver.ca/parkfinder_wa/index.cfm?fuseaction=FAC.ParkDetails&park_id=37','4175 Wallace Street',49.249092,-123.192177,3.45,3,'chaldecott-park','VAN'),
	(38,'Deering Island Park','http://cfapp.vancouver.ca/parkfinder_wa/index.cfm?fuseaction=FAC.ParkDetails&park_id=38','3530 Deering Island Pl.',49.218288,-123.184356,0.74,3,'deering-island-park','VAN'),
	(39,'Memorial West Park','http://cfapp.vancouver.ca/parkfinder_wa/index.cfm?fuseaction=FAC.ParkDetails&park_id=39','4701 Dunbar Street',49.243326,-123.188166,7.49,3,'memorial-west-park','VAN'),
	(40,'Musqueam Park','http://cfapp.vancouver.ca/parkfinder_wa/index.cfm?fuseaction=FAC.ParkDetails&park_id=40','4000 SW Marine Drive',49.229331,-123.189980,22.05,3,'musqueam-park','VAN'),
	(41,'Quadra West Park','http://cfapp.vancouver.ca/parkfinder_wa/index.cfm?fuseaction=FAC.ParkDetails&park_id=41','3250 Quadra Street',49.257112,-123.180696,0.17,3,'quadra-west-park','VAN'),
	(42,'Valdez Park','http://cfapp.vancouver.ca/parkfinder_wa/index.cfm?fuseaction=FAC.ParkDetails&park_id=42','3210 W 22nd Avenue',49.252391,-123.176400,0.77,3,'valdez-park','VAN'),
	(43,'Charleson Park','http://cfapp.vancouver.ca/parkfinder_wa/index.cfm?fuseaction=FAC.ParkDetails&park_id=43','999 Charleson Street',49.266995,-123.124200,7.14,4,'charleson-park','VAN'),
	(44,'Granville Park','http://cfapp.vancouver.ca/parkfinder_wa/index.cfm?fuseaction=FAC.ParkDetails&park_id=44','3001 Fir Street',49.258105,-123.142395,1.96,4,'granville-park','VAN'),
	(45,'Granville Loop Park','http://cfapp.vancouver.ca/parkfinder_wa/index.cfm?fuseaction=FAC.ParkDetails&park_id=45','1435 W 5th Avenue',49.267284,-123.137540,1.05,4,'granville-loop-park','VAN'),
	(47,'Sutcliffe Park','http://cfapp.vancouver.ca/parkfinder_wa/index.cfm?fuseaction=FAC.ParkDetails&park_id=47','1318 Cartwright Street',49.268871,-123.134832,2.88,4,'sutcliffe-park','VAN'),
	(48,'Willow Park','http://cfapp.vancouver.ca/parkfinder_wa/index.cfm?fuseaction=FAC.ParkDetails&park_id=48','802 W 7th Avenue',49.264868,-123.122031,0.07,4,'willow-park','VAN'),
	(49,'Alice Townley Park','http://cfapp.vancouver.ca/parkfinder_wa/index.cfm?fuseaction=FAC.ParkDetails&park_id=49','1775 Woodland Drive',49.268974,-123.073923,0.22,6,'alice-townley-park','VAN'),
	(50,'Cambridge Park','http://cfapp.vancouver.ca/parkfinder_wa/index.cfm?fuseaction=FAC.ParkDetails&park_id=50','2099 Wall Street',49.286753,-123.062784,0.19,6,'cambridge-park','VAN'),
	(51,'Garden Park','http://cfapp.vancouver.ca/parkfinder_wa/index.cfm?fuseaction=FAC.ParkDetails&park_id=51','1851 Garden Drive',49.268159,-123.058994,0.97,6,'garden-park','VAN'),
	(52,'Grandview Park','http://cfapp.vancouver.ca/parkfinder_wa/index.cfm?fuseaction=FAC.ParkDetails&park_id=52','1657 Charles Street',49.273511,-123.070469,0.89,6,'grandview-park','VAN'),
	(53,'Mcgill Park','http://cfapp.vancouver.ca/parkfinder_wa/index.cfm?fuseaction=FAC.ParkDetails&park_id=53','2305 McGill Street',49.288668,-123.057154,0.19,6,'mcgill-park','VAN'),
	(54,'Mcspadden Park','http://cfapp.vancouver.ca/parkfinder_wa/index.cfm?fuseaction=FAC.ParkDetails&park_id=54','2125 Victoria Drive',49.265936,-123.066601,1.62,6,'mcspadden-park','VAN'),
	(55,'Mosaic Creek Park','http://cfapp.vancouver.ca/parkfinder_wa/index.cfm?fuseaction=FAC.ParkDetails&park_id=55','1475 Charles Street',49.273323,-123.074121,0.11,6,'mosaic-creek-park','VAN'),
	(56,'Oxford Park','http://cfapp.vancouver.ca/parkfinder_wa/index.cfm?fuseaction=FAC.ParkDetails&park_id=56','2050 Wall Street',49.286172,-123.062223,0.22,6,'oxford-park','VAN'),
	(57,'Pandora Park','http://cfapp.vancouver.ca/parkfinder_wa/index.cfm?fuseaction=FAC.ParkDetails&park_id=57','2325 Franklin Street',49.282533,-123.058045,1.66,6,'pandora-park','VAN'),
	(58,'Salsbury Park','http://cfapp.vancouver.ca/parkfinder_wa/index.cfm?fuseaction=FAC.ParkDetails&park_id=58','1806 Adanac Street',49.277291,-123.067926,0.17,6,'salsbury-park','VAN'),
	(60,'Templeton Park','http://cfapp.vancouver.ca/parkfinder_wa/index.cfm?fuseaction=FAC.ParkDetails&park_id=60','700 Templeton Drive',49.278279,-123.058646,1.93,6,'templeton-park','VAN'),
	(61,'Park Site On Trinity Street','http://cfapp.vancouver.ca/parkfinder_wa/index.cfm?fuseaction=FAC.ParkDetails&park_id=61','2303 Wall Street',49.289561,-123.059459,0.10,7,'park-site-on-trinity-street','VAN'),
	(62,'Victoria Park','http://cfapp.vancouver.ca/parkfinder_wa/index.cfm?fuseaction=FAC.ParkDetails&park_id=62','1425 Victoria Drive',49.271694,-123.066730,0.89,6,'victoria-park','VAN'),
	(63,'W.c. Shelley Park','http://cfapp.vancouver.ca/parkfinder_wa/index.cfm?fuseaction=FAC.ParkDetails&park_id=63','1500 E 8th Avenue',49.263034,-123.072931,0.30,6,'wc-shelley-park','VAN'),
	(64,'Woodland Park','http://cfapp.vancouver.ca/parkfinder_wa/index.cfm?fuseaction=FAC.ParkDetails&park_id=64','705 Woodland Drive',49.278526,-123.073387,1.58,6,'woodland-park','VAN'),
	(65,'Adanac Park','http://cfapp.vancouver.ca/parkfinder_wa/index.cfm?fuseaction=FAC.ParkDetails&park_id=65','1025 Boundary Road',49.276381,-123.025811,4.17,7,'adanac-park','VAN'),
	(66,'Bates Park','http://cfapp.vancouver.ca/parkfinder_wa/index.cfm?fuseaction=FAC.ParkDetails&park_id=66','669 Fellowes Street',49.292443,-123.024336,0.30,7,'bates-park','VAN'),
	(67,'Burrard View Park','http://cfapp.vancouver.ca/parkfinder_wa/index.cfm?fuseaction=FAC.ParkDetails&park_id=67','650 North Penticton Street',49.291253,-123.050513,2.76,7,'burrard-view-park','VAN'),
	(68,'Callister Park','http://cfapp.vancouver.ca/parkfinder_wa/index.cfm?fuseaction=FAC.ParkDetails&park_id=68','2875 Oxford Street',49.286214,-123.045363,1.45,7,'callister-park','VAN'),
	(69,'Charles Park','http://cfapp.vancouver.ca/parkfinder_wa/index.cfm?fuseaction=FAC.ParkDetails&park_id=69','3400 Charles Street',49.273407,-123.027661,1.55,7,'charles-park','VAN'),
	(70,'Clinton Park','http://cfapp.vancouver.ca/parkfinder_wa/index.cfm?fuseaction=FAC.ParkDetails&park_id=70','2690 Grant Street',49.270355,-123.050900,3.04,7,'clinton-park','VAN'),
	(71,'Dusty Greenwell Park','http://cfapp.vancouver.ca/parkfinder_wa/index.cfm?fuseaction=FAC.ParkDetails&park_id=71','2799 Wall Street',49.292113,-123.047643,0.44,7,'dusty-greenwell-park','VAN'),
	(72,'Hastings Park','http://cfapp.vancouver.ca/parkfinder_wa/index.cfm?fuseaction=FAC.ParkDetails&park_id=72','2901 E Hastings',49.282256,-123.039776,15.50,7,'hastings-park','VAN'),
	(73,'Hastings Community Park','http://cfapp.vancouver.ca/parkfinder_wa/index.cfm?fuseaction=FAC.ParkDetails&park_id=73','3000 E Pender Street',49.280637,-123.038884,4.19,7,'hastings-community-park','VAN'),
	(74,'Kaslo Park','http://cfapp.vancouver.ca/parkfinder_wa/index.cfm?fuseaction=FAC.ParkDetails&park_id=74','2851 E 7th Avenue',49.264099,-123.046012,0.45,7,'kaslo-park','VAN'),
	(75,'New Brighton Park','http://cfapp.vancouver.ca/parkfinder_wa/index.cfm?fuseaction=FAC.ParkDetails&park_id=75','3201 New Brighton Road',49.290122,-123.037888,10.00,7,'new-brighton-park','VAN'),
	(76,'Rupert Park','http://cfapp.vancouver.ca/parkfinder_wa/index.cfm?fuseaction=FAC.ParkDetails&park_id=76','1600 Rupert Street',49.271629,-123.031384,11.43,7,'rupert-park','VAN'),
	(77,'Sunrise Park','http://cfapp.vancouver.ca/parkfinder_wa/index.cfm?fuseaction=FAC.ParkDetails&park_id=77','1950 Windermere Street',49.266612,-123.035037,3.18,7,'sunrise-park','VAN'),
	(78,'Thunderbird Park','http://cfapp.vancouver.ca/parkfinder_wa/index.cfm?fuseaction=FAC.ParkDetails&park_id=78','3485 E 2nd Avenue',49.268829,-123.028552,0.89,7,'thunderbird-park','VAN'),
	(79,'Brewers Park','http://cfapp.vancouver.ca/parkfinder_wa/index.cfm?fuseaction=FAC.ParkDetails&park_id=79','4175 Victoria Drive',49.247695,-123.066461,1.38,8,'brewers-park','VAN'),
	(80,'Cedar Cottage Park','http://cfapp.vancouver.ca/parkfinder_wa/index.cfm?fuseaction=FAC.ParkDetails&park_id=80','2650 Clark Drive',49.260807,-123.076605,0.47,8,'cedar-cottage-park','VAN'),
	(81,'Clark Park','http://cfapp.vancouver.ca/parkfinder_wa/index.cfm?fuseaction=FAC.ParkDetails&park_id=81','1500 E 14th Avenue',49.257142,-123.072405,4.28,8,'clark-park','VAN'),
	(82,'General Brock Park','http://cfapp.vancouver.ca/parkfinder_wa/index.cfm?fuseaction=FAC.ParkDetails&park_id=82','2301 Brock Street',49.244757,-123.058517,2.11,8,'general-brock-park','VAN'),
	(83,'Glen Park','http://cfapp.vancouver.ca/parkfinder_wa/index.cfm?fuseaction=FAC.ParkDetails&park_id=83','3999 Glen Drive',49.249576,-123.082823,1.09,8,'glen-park','VAN'),
	(84,'Grays Park','http://cfapp.vancouver.ca/parkfinder_wa/index.cfm?fuseaction=FAC.ParkDetails&park_id=84','4850 St. Catherines Street',49.241136,-123.084974,1.61,8,'grays-park','VAN'),
	(85,'John Hendry (trout Lake) Park','http://cfapp.vancouver.ca/parkfinder_wa/index.cfm?fuseaction=FAC.ParkDetails&park_id=85','3300 Victoria Drive',49.255808,-123.062242,27.31,8,'john-hendry-park','VAN'),
	(86,'Jones Park','http://cfapp.vancouver.ca/parkfinder_wa/index.cfm?fuseaction=FAC.ParkDetails&park_id=86','5350 Commercial Street',49.235945,-123.067051,1.42,8,'jones-park','VAN'),
	(87,'Kensington Park','http://cfapp.vancouver.ca/parkfinder_wa/index.cfm?fuseaction=FAC.ParkDetails&park_id=87','5175 Dumfries Street',49.238478,-123.075308,5.84,8,'kensington-park','VAN'),
	(88,'Kingcrest Park','http://cfapp.vancouver.ca/parkfinder_wa/index.cfm?fuseaction=FAC.ParkDetails&park_id=88','4150 Knight Street',49.247499,-123.074674,2.41,8,'kingcrest-park','VAN'),
	(89,'Sunnyside Park','http://cfapp.vancouver.ca/parkfinder_wa/index.cfm?fuseaction=FAC.ParkDetails&park_id=89','1100 E 17th Avenue',49.254924,-123.080752,0.97,8,'sunnyside-park','VAN'),
	(90,'Arbutus Park','http://cfapp.vancouver.ca/parkfinder_wa/index.cfm?fuseaction=FAC.ParkDetails&park_id=90','7601 Arbutus Street',49.216590,-123.155130,0.74,9,'arbutus-park','VAN'),
	(91,'Elm Park','http://cfapp.vancouver.ca/parkfinder_wa/index.cfm?fuseaction=FAC.ParkDetails&park_id=91','5800 Elm Street',49.233847,-123.163488,1.49,9,'elm-park','VAN'),
	(92,'Fraser River Park','http://cfapp.vancouver.ca/parkfinder_wa/index.cfm?fuseaction=FAC.ParkDetails&park_id=92','8705 Angus Drive',49.207915,-123.150862,9.10,9,'fraser-river-park','VAN'),
	(93,'Kerrisdale Centennial Park','http://cfapp.vancouver.ca/parkfinder_wa/index.cfm?fuseaction=FAC.ParkDetails&park_id=93','5898 Yew Street',49.233094,-123.158043,1.53,9,'kerrisdale-centennial-park','VAN'),
	(95,'Malkin Park','http://cfapp.vancouver.ca/parkfinder_wa/index.cfm?fuseaction=FAC.ParkDetails&park_id=95','6001 Balaclava Street',49.231959,-123.176845,2.42,9,'malkin-park','VAN'),
	(96,'Maple Grove Park','http://cfapp.vancouver.ca/parkfinder_wa/index.cfm?fuseaction=FAC.ParkDetails&park_id=96','6875 Yew Street',49.223703,-123.160130,4.20,9,'maple-grove-park','VAN'),
	(97,'Mccleery Park','http://cfapp.vancouver.ca/parkfinder_wa/index.cfm?fuseaction=FAC.ParkDetails&park_id=97','6501 Marine Crescent',49.226973,-123.164155,0.25,9,'mccleery-park','VAN'),
	(98,'Mccleery Golf Course','http://cfapp.vancouver.ca/parkfinder_wa/index.cfm?fuseaction=FAC.ParkDetails&park_id=98','7188 Macdonald Street',49.220813,-123.170066,48.57,9,'mccleery-golf-course','VAN'),
	(99,'Captain Cook Park','http://cfapp.vancouver.ca/parkfinder_wa/index.cfm?fuseaction=FAC.ParkDetails&park_id=99','3398 E 54th Avenue',49.219120,-123.033713,5.49,10,'captain-cook-park','VAN'),
	(100,'Champlain Heights Park','http://cfapp.vancouver.ca/parkfinder_wa/index.cfm?fuseaction=FAC.ParkDetails&park_id=100','3351 Maquinna Drive',49.215527,-123.032545,7.84,10,'champlain-heights-park','VAN'),
	(101,'Everett Crowley Park','http://cfapp.vancouver.ca/parkfinder_wa/index.cfm?fuseaction=FAC.ParkDetails&park_id=101','8200 Kerr Street',49.210985,-123.036321,38.08,10,'everett-crowley-park','VAN'),
	(102,'Fraserview Golf Course','http://cfapp.vancouver.ca/parkfinder_wa/index.cfm?fuseaction=FAC.ParkDetails&park_id=102','7800 Vivian Drive',49.212251,-123.047869,84.34,10,'fraserview-golf-course','VAN'),
	(103,'Killarney Park','http://cfapp.vancouver.ca/parkfinder_wa/index.cfm?fuseaction=FAC.ParkDetails&park_id=103','6205 Kerr Street',49.227998,-123.044130,13.36,10,'killarney-park','VAN'),
	(104,'Kinross Ravine Park','http://cfapp.vancouver.ca/parkfinder_wa/index.cfm?fuseaction=FAC.ParkDetails&park_id=104','3350 SE Marine Drive',49.207509,-123.036128,1.20,10,'kinross-ravine-park','VAN'),
	(105,'Sparwood Park','http://cfapp.vancouver.ca/parkfinder_wa/index.cfm?fuseaction=FAC.ParkDetails&park_id=105','6998 Arlington Street',49.220024,-123.028777,3.60,10,'sparwood-park','VAN'),
	(106,'Almond Park','http://cfapp.vancouver.ca/parkfinder_wa/index.cfm?fuseaction=FAC.ParkDetails&park_id=106','3600 W 12th Avenue',49.261014,-123.184543,1.61,11,'almond-park','VAN'),
	(108,'Connaught Park','http://cfapp.vancouver.ca/parkfinder_wa/index.cfm?fuseaction=FAC.ParkDetails&park_id=108','2390 W 10th Avenue',49.262026,-123.160025,5.98,11,'connaught-park','VAN'),
	(109,'Delamont Park','http://cfapp.vancouver.ca/parkfinder_wa/index.cfm?fuseaction=FAC.ParkDetails&park_id=109','2091 W 7th Avenue',49.265808,-123.152426,0.22,11,'delamont-park','VAN'),
	(110,'Hadden Park','http://cfapp.vancouver.ca/parkfinder_wa/index.cfm?fuseaction=FAC.ParkDetails&park_id=110','1905 Ogden Avenue',49.275353,-123.152513,2.92,11,'hadden-park','VAN'),
	(111,'Jean Beaty Park','http://cfapp.vancouver.ca/parkfinder_wa/index.cfm?fuseaction=FAC.ParkDetails&park_id=111','3393 Point Grey Road',49.271913,-123.179433,0.04,22,'jean-beaty-park','VAN'),
	(112,'Kitsilano Beach Park','http://cfapp.vancouver.ca/parkfinder_wa/index.cfm?fuseaction=FAC.ParkDetails&park_id=112','1499 Arbutus Street',49.273431,-123.153901,13.47,11,'kitsilano-beach-park','VAN'),
	(113,'Margaret Pigott Park','http://cfapp.vancouver.ca/parkfinder_wa/index.cfm?fuseaction=FAC.ParkDetails&park_id=113','2743 Point Grey Road',49.272089,-123.167454,0.38,11,'margaret-pigott-park','VAN'),
	(114,'Mcbride Park','http://cfapp.vancouver.ca/parkfinder_wa/index.cfm?fuseaction=FAC.ParkDetails&park_id=114','3350 W 4th Avenue',49.268073,-123.179732,1.71,11,'mcbride-park','VAN'),
	(115,'Point Grey Park Site At Trutch Street','http://cfapp.vancouver.ca/parkfinder_wa/index.cfm?fuseaction=FAC.ParkDetails&park_id=115','3215 Point Grey Road',49.271658,-123.176170,0.22,11,'point-grey-trutch-street','VAN'),
	(116,'Point Grey Park Site At Stephens Street','http://cfapp.vancouver.ca/parkfinder_wa/index.cfm?fuseaction=FAC.ParkDetails&park_id=116','2699 Point Grey Road',49.272583,-123.166128,0.23,11,'point-grey-stephens-street','VAN'),
	(117,'Point Grey Park Site At Trafalgar Street','http://cfapp.vancouver.ca/parkfinder_wa/index.cfm?fuseaction=FAC.ParkDetails&park_id=117','2601 Point Grey Road',49.273329,-123.164637,0.22,11,'point-grey-trafalgar-street','VAN'),
	(118,'Seaforth Peace Park','http://cfapp.vancouver.ca/parkfinder_wa/index.cfm?fuseaction=FAC.ParkDetails&park_id=118','1620 Chestnut Street',49.271554,-123.145967,0.74,11,'seaforth-peace-park','VAN'),
	(119,'Tatlow Park','http://cfapp.vancouver.ca/parkfinder_wa/index.cfm?fuseaction=FAC.ParkDetails&park_id=119','2845 W 3rd Avenue',49.270068,-123.169609,1.40,11,'tatlow-park','VAN'),
	(120,'Vanier Park','http://cfapp.vancouver.ca/parkfinder_wa/index.cfm?fuseaction=FAC.ParkDetails&park_id=120','1000 Chestnut Street',49.277049,-123.143159,16.95,11,'vanier-park','VAN'),
	(121,'Volunteer Park','http://cfapp.vancouver.ca/parkfinder_wa/index.cfm?fuseaction=FAC.ParkDetails&park_id=121','2855 Point Grey Road',49.271635,-123.169243,0.72,11,'volunteer-park','VAN'),
	(122,'Ash Park','http://cfapp.vancouver.ca/parkfinder_wa/index.cfm?fuseaction=FAC.ParkDetails&park_id=122','8288 Ash Street',49.210597,-123.119435,0.51,12,'ash-park','VAN'),
	(123,'Eburne Park','http://cfapp.vancouver.ca/parkfinder_wa/index.cfm?fuseaction=FAC.ParkDetails&park_id=123','950 W 71st Avenue',49.206517,-123.129241,0.90,12,'eburne-park','VAN'),
	(124,'Marpole Park','http://cfapp.vancouver.ca/parkfinder_wa/index.cfm?fuseaction=FAC.ParkDetails&park_id=124','1410 W 72nd Avenue',49.205507,-123.138307,0.27,12,'marpole-park','VAN'),
	(126,'Oak Park','http://cfapp.vancouver.ca/parkfinder_wa/index.cfm?fuseaction=FAC.ParkDetails&park_id=126','900 W 59th Avenue',49.215497,-123.128319,5.25,12,'oak-park','VAN'),
	(127,'Riverview Park','http://cfapp.vancouver.ca/parkfinder_wa/index.cfm?fuseaction=FAC.ParkDetails&park_id=127','1751 W 66th Avenue',49.212238,-123.147342,2.38,12,'riverview-park','VAN'),
	(128,'Shannon Park','http://cfapp.vancouver.ca/parkfinder_wa/index.cfm?fuseaction=FAC.ParkDetails&park_id=128','1575 W 62nd Avenue',49.215457,-123.142529,0.94,12,'shannon-park','VAN'),
	(130,'William Mackie Park','http://cfapp.vancouver.ca/parkfinder_wa/index.cfm?fuseaction=FAC.ParkDetails&park_id=130','1592 W 71st Avenue',49.206787,-123.142733,0.37,12,'william-mackie-park','VAN'),
	(131,'Winona Park','http://cfapp.vancouver.ca/parkfinder_wa/index.cfm?fuseaction=FAC.ParkDetails&park_id=131','7575 Columbia Street',49.215431,-123.114024,5.31,12,'winona-park','VAN'),
	(133,'China Creek North Park','http://cfapp.vancouver.ca/parkfinder_wa/index.cfm?fuseaction=FAC.ParkDetails&park_id=133','1001 E 7th Avenue',49.264901,-123.083355,3.16,13,'china-creek-north-park','VAN'),
	(134,'China Creek South Park','http://cfapp.vancouver.ca/parkfinder_wa/index.cfm?fuseaction=FAC.ParkDetails&park_id=134','1255 E 10th Avenue',49.261581,-123.079352,1.47,13,'china-creek-south-park','VAN'),
	(136,'Guelph Park','http://cfapp.vancouver.ca/parkfinder_wa/index.cfm?fuseaction=FAC.ParkDetails&park_id=136','2390 Brunswick Street',49.263965,-123.095837,1.04,13,'guelph-park','VAN'),
	(137,'Jonathan Rogers Park','http://cfapp.vancouver.ca/parkfinder_wa/index.cfm?fuseaction=FAC.ParkDetails&park_id=137','110 W 7th Avenue',49.264334,-123.108174,1.40,13,'jonathan-rogers-park','VAN'),
	(138,'Major Matthews Park','http://cfapp.vancouver.ca/parkfinder_wa/index.cfm?fuseaction=FAC.ParkDetails&park_id=138','2627 Manitoba Street',49.261580,-123.107238,0.06,13,'major-matthews-park','VAN'),
	(139,'Mount Pleasant Park','http://cfapp.vancouver.ca/parkfinder_wa/index.cfm?fuseaction=FAC.ParkDetails&park_id=139','3161 Ontario Street',49.256960,-123.106743,1.12,13,'mount-pleasant-park','VAN'),
	(140,'Robson Park','http://cfapp.vancouver.ca/parkfinder_wa/index.cfm?fuseaction=FAC.ParkDetails&park_id=140','599 Kingsway',49.258229,-123.091798,1.56,13,'robson-park','VAN'),
	(141,'Tea Swamp Park','http://cfapp.vancouver.ca/parkfinder_wa/index.cfm?fuseaction=FAC.ParkDetails&park_id=141','266 E 15th Avenue',49.257091,-123.098595,0.09,13,'tea-swamp-park','VAN'),
	(142,'Cambie Park','http://cfapp.vancouver.ca/parkfinder_wa/index.cfm?fuseaction=FAC.ParkDetails&park_id=142','500 W 54th Avenue',49.221411,-123.117988,0.93,14,'cambie-park','VAN'),
	(143,'Columbia Park','http://cfapp.vancouver.ca/parkfinder_wa/index.cfm?fuseaction=FAC.ParkDetails&park_id=143','5908 Alberta Street',49.231521,-123.111978,2.78,14,'columbia-park','VAN'),
	(145,'Langara Golf Course','http://cfapp.vancouver.ca/parkfinder_wa/index.cfm?fuseaction=FAC.ParkDetails&park_id=145','6706 Alberta Street',49.221371,-123.112110,48.57,18,'langara-golf-course','VAN'),
	(146,'Montgomery Park','http://cfapp.vancouver.ca/parkfinder_wa/index.cfm?fuseaction=FAC.ParkDetails&park_id=146','1040 W 43rd Avenue',49.231291,-123.130776,4.02,14,'montgomery-park','VAN'),
	(147,'Tisdall Park','http://cfapp.vancouver.ca/parkfinder_wa/index.cfm?fuseaction=FAC.ParkDetails&park_id=147','6210 Tisdall Street',49.227725,-123.119693,5.02,14,'tisdall-park','VAN'),
	(148,'Beaconsfield Park','http://cfapp.vancouver.ca/parkfinder_wa/index.cfm?fuseaction=FAC.ParkDetails&park_id=148','3215 Slocan Street',49.255546,-123.051302,4.43,15,'beaconsfield-park','VAN'),
	(149,'Cariboo Park','http://cfapp.vancouver.ca/parkfinder_wa/index.cfm?fuseaction=FAC.ParkDetails&park_id=149','3450 E 29th Avenue',49.244232,-123.028792,0.77,15,'cariboo-park','VAN'),
	(150,'Carleton Park','http://cfapp.vancouver.ca/parkfinder_wa/index.cfm?fuseaction=FAC.ParkDetails&park_id=150','3450 Price Street',49.242002,-123.030451,0.68,15,'carleton-park','VAN'),
	(151,'Collingwood Park','http://cfapp.vancouver.ca/parkfinder_wa/index.cfm?fuseaction=FAC.ParkDetails&park_id=151','5275 McKinnon Street',49.237066,-123.036887,1.27,15,'collingwood-park','VAN'),
	(152,'Earles Park','http://cfapp.vancouver.ca/parkfinder_wa/index.cfm?fuseaction=FAC.ParkDetails&park_id=152','2801 E 41st Avenue',49.233476,-123.047702,1.59,15,'earles-park','VAN'),
	(153,'Falaise Park','http://cfapp.vancouver.ca/parkfinder_wa/index.cfm?fuseaction=FAC.ParkDetails&park_id=153','3434 Falaise Avenue',49.256485,-123.031631,7.57,15,'falaise-park','VAN'),
	(154,'Foster Park','http://cfapp.vancouver.ca/parkfinder_wa/index.cfm?fuseaction=FAC.ParkDetails&park_id=154','5501 Aberdeen Street',49.234046,-123.028741,0.29,15,'foster-park','VAN'),
	(155,'Gaston Park','http://cfapp.vancouver.ca/parkfinder_wa/index.cfm?fuseaction=FAC.ParkDetails&park_id=155','3470 Crowley Drive',49.236117,-123.031094,1.50,15,'gaston-park','VAN'),
	(156,'Melbourne Park','http://cfapp.vancouver.ca/parkfinder_wa/index.cfm?fuseaction=FAC.ParkDetails&park_id=156','3530 Vanness Avenue',49.236236,-123.029179,0.49,15,'melbourne-park','VAN'),
	(157,'Norquay Park','http://cfapp.vancouver.ca/parkfinder_wa/index.cfm?fuseaction=FAC.ParkDetails&park_id=157','5050 Wales Street',49.237098,-123.051061,2.26,15,'norquay-park','VAN'),
	(158,'Price Park','http://cfapp.vancouver.ca/parkfinder_wa/index.cfm?fuseaction=FAC.ParkDetails&park_id=158','3650 Price Street',49.251572,-123.097564,0.35,15,'price-park','VAN'),
	(159,'Renfrew Community Park','http://cfapp.vancouver.ca/parkfinder_wa/index.cfm?fuseaction=FAC.ParkDetails&park_id=159','2929 E 22nd Avenue',49.252129,-123.042896,5.00,15,'renfrew-community-park','VAN'),
	(160,'Renfrew Ravine Park','http://cfapp.vancouver.ca/parkfinder_wa/index.cfm?fuseaction=FAC.ParkDetails&park_id=160','3900 Renfrew Street',49.247166,-123.044111,5.89,15,'renfrew-ravine-park','VAN'),
	(161,'Slocan Park','http://cfapp.vancouver.ca/parkfinder_wa/index.cfm?fuseaction=FAC.ParkDetails&park_id=161','2750 E 29th Avenue',49.243921,-123.047574,4.14,15,'slocan-park','VAN'),
	(162,'Cartier Park','http://cfapp.vancouver.ca/parkfinder_wa/index.cfm?fuseaction=FAC.ParkDetails&park_id=162','390 E 36th Avenue',49.237598,-123.097473,0.37,16,'cartier-park','VAN'),
	(163,'Grimmett Park','http://cfapp.vancouver.ca/parkfinder_wa/index.cfm?fuseaction=FAC.ParkDetails&park_id=163','169 E 19th Avenue',49.253954,-123.102003,0.24,16,'grimmett-park','VAN'),
	(164,'Hillcrest Park','http://cfapp.vancouver.ca/parkfinder_wa/index.cfm?fuseaction=FAC.ParkDetails&park_id=164','4501 Clancy Loranger Way',49.244734,-123.108417,7.51,16,'hillcrest-park','VAN'),
	(165,'Nat Bailey Stadium','http://cfapp.vancouver.ca/parkfinder_wa/index.cfm?fuseaction=FAC.ParkDetails&park_id=165','4601 Ontario Street',49.242653,-123.106679,6.21,16,'nat-bailey-stadium','VAN'),
	(166,'Prince Edward Park','http://cfapp.vancouver.ca/parkfinder_wa/index.cfm?fuseaction=FAC.ParkDetails&park_id=166','3773 Prince Edward Street',49.244397,-123.156429,1.21,16,'prince-edward-park','VAN'),
	(167,'Queen Elizabeth Park','http://cfapp.vancouver.ca/parkfinder_wa/index.cfm?fuseaction=FAC.ParkDetails&park_id=167','4600 Cambie Street',49.240978,-123.112028,52.98,16,'queen-elizabeth-park','VAN'),
	(168,'Riley Park','http://cfapp.vancouver.ca/parkfinder_wa/index.cfm?fuseaction=FAC.ParkDetails&park_id=168','50 E 30th Avenue',49.241987,-123.104361,2.70,16,'riley-park','VAN'),
	(169,'Angus Park','http://cfapp.vancouver.ca/parkfinder_wa/index.cfm?fuseaction=FAC.ParkDetails&park_id=169','3600 Angus Drive',49.253932,-123.143816,1.00,17,'angus-park','VAN'),
	(170,'Devonshire Park','http://cfapp.vancouver.ca/parkfinder_wa/index.cfm?fuseaction=FAC.ParkDetails&park_id=170','1250 Devonshire Crescent',49.245020,-123.133640,1.53,17,'devonshire-park','VAN'),
	(171,'Kerrisdale Park','http://cfapp.vancouver.ca/parkfinder_wa/index.cfm?fuseaction=FAC.ParkDetails&park_id=171','5670 E Boulevard',49.235725,-123.152674,2.99,17,'kerrisdale-park','VAN'),
	(172,'Shaughnessy Park','http://cfapp.vancouver.ca/parkfinder_wa/index.cfm?fuseaction=FAC.ParkDetails&park_id=172','1300 The Crescent',49.255715,-123.135068,1.45,17,'shaughnessy-park','VAN'),
	(173,'Vandusen Botanical Gardens','http://cfapp.vancouver.ca/parkfinder_wa/index.cfm?fuseaction=FAC.ParkDetails&park_id=173','5251 Oak Street',49.239181,-123.131293,22.29,17,'vandusen-botanical-gardens','VAN'),
	(174,'Braemar Park','http://cfapp.vancouver.ca/parkfinder_wa/index.cfm?fuseaction=FAC.ParkDetails&park_id=174','895 W 27th Avenue',49.247615,-123.123630,1.26,18,'braemar-park','VAN'),
	(175,'Douglas Park','http://cfapp.vancouver.ca/parkfinder_wa/index.cfm?fuseaction=FAC.ParkDetails&park_id=175','801 W 22nd Avenue',49.252493,-123.122225,5.32,18,'douglas-park','VAN'),
	(177,'Heather Park','http://cfapp.vancouver.ca/parkfinder_wa/index.cfm?fuseaction=FAC.ParkDetails&park_id=177','702 W 18th Avenue',49.254765,-123.121103,0.98,18,'heather-park','VAN'),
	(179,'Maclean Park','http://cfapp.vancouver.ca/parkfinder_wa/index.cfm?fuseaction=FAC.ParkDetails&park_id=179','710 Keefer Street',49.278838,-123.088396,1.21,19,'maclean-park','VAN'),
	(180,'Oppenheimer Park','http://cfapp.vancouver.ca/parkfinder_wa/index.cfm?fuseaction=FAC.ParkDetails&park_id=180','400 Powell Street',49.282645,-123.094313,1.00,19,'oppenheimer-park','VAN'),
	(181,'Strathcona Park','http://cfapp.vancouver.ca/parkfinder_wa/index.cfm?fuseaction=FAC.ParkDetails&park_id=181','857 Malkin Avenue',49.275276,-123.084674,10.07,19,'strathcona-park','VAN'),
	(182,'Strathcona Linear Park','http://cfapp.vancouver.ca/parkfinder_wa/index.cfm?fuseaction=FAC.ParkDetails&park_id=182','787 Prior Street',49.276983,-123.087485,0.30,19,'strathcona-linear-park','VAN'),
	(183,'Thornton Park','http://cfapp.vancouver.ca/parkfinder_wa/index.cfm?fuseaction=FAC.ParkDetails&park_id=183','1166 Main Street',49.273946,-123.099212,1.49,19,'thornton-park','VAN'),
	(184,'George Park','http://cfapp.vancouver.ca/parkfinder_wa/index.cfm?fuseaction=FAC.ParkDetails&park_id=184','500 E 63rd Avenue',49.212608,-123.094228,1.43,20,'george-park','VAN'),
	(185,'Macdonald Park','http://cfapp.vancouver.ca/parkfinder_wa/index.cfm?fuseaction=FAC.ParkDetails&park_id=185','300 E 44th Avenue',49.229748,-123.098396,1.05,20,'macdonald-park','VAN'),
	(186,'Memorial South Park','http://cfapp.vancouver.ca/parkfinder_wa/index.cfm?fuseaction=FAC.ParkDetails&park_id=186','5955 Ross Street',49.230901,-123.085138,13.59,20,'memorial-south-park','VAN'),
	(187,'Moberly Park','http://cfapp.vancouver.ca/parkfinder_wa/index.cfm?fuseaction=FAC.ParkDetails&park_id=187','7646 Prince Albert Street',49.215602,-123.086219,3.60,20,'moberly-park','VAN'),
	(188,'Ross Park','http://cfapp.vancouver.ca/parkfinder_wa/index.cfm?fuseaction=FAC.ParkDetails&park_id=188','7402 Ross Street',49.217276,-123.082351,1.51,20,'ross-park','VAN'),
	(189,'Sunset Park','http://cfapp.vancouver.ca/parkfinder_wa/index.cfm?fuseaction=FAC.ParkDetails&park_id=189','404 E 51st Avenue',49.222561,-123.096916,3.42,20,'sunset-park','VAN'),
	(191,'Bobolink Park','http://cfapp.vancouver.ca/parkfinder_wa/index.cfm?fuseaction=FAC.ParkDetails&park_id=191','2510 Hoylake Avenue',49.215075,-123.057615,3.82,5,'bobolink-park','VAN'),
	(192,'Fraserview Park','http://cfapp.vancouver.ca/parkfinder_wa/index.cfm?fuseaction=FAC.ParkDetails&park_id=192','7595 Victoria Drive',49.215398,-123.067572,1.27,5,'fraserview-park','VAN'),
	(193,'Gladstone-riverside Park','http://cfapp.vancouver.ca/parkfinder_wa/index.cfm?fuseaction=FAC.ParkDetails&park_id=193','2500 E Kent Street S',49.205532,-123.056883,1.07,5,'gladstone-riverside-park','VAN'),
	(194,'Gordon Park','http://cfapp.vancouver.ca/parkfinder_wa/index.cfm?fuseaction=FAC.ParkDetails&park_id=194','6675 Commercial Street',49.223380,-123.070491,6.51,5,'gordon-park','VAN'),
	(195,'Humm Park','http://cfapp.vancouver.ca/parkfinder_wa/index.cfm?fuseaction=FAC.ParkDetails&park_id=195','7250 Humm Street',49.218698,-123.063266,0.47,5,'humm-park','VAN'),
	(196,'Nanaimo Park','http://cfapp.vancouver.ca/parkfinder_wa/index.cfm?fuseaction=FAC.ParkDetails&park_id=196','2390 E 46th Avenue',49.227724,-123.057508,2.91,5,'nanaimo-park','VAN'),
	(197,'Riverfront Park','http://cfapp.vancouver.ca/parkfinder_wa/index.cfm?fuseaction=FAC.ParkDetails&park_id=197','2750 E Kent Street S',49.205951,-123.045750,4.01,10,'riverfront-park','VAN'),
	(198,'Tecumseh Park','http://cfapp.vancouver.ca/parkfinder_wa/index.cfm?fuseaction=FAC.ParkDetails&park_id=198','1751 E 45th Avenue',49.229752,-123.069846,2.09,5,'tecumseh-park','VAN'),
	(199,'Alexandra Park','http://cfapp.vancouver.ca/parkfinder_wa/index.cfm?fuseaction=FAC.ParkDetails&park_id=199','1755 Beach Avenue',49.285460,-123.142230,0.55,21,'alexandra-park','VAN'),
	(200,'Barclay Heritage Square','http://cfapp.vancouver.ca/parkfinder_wa/index.cfm?fuseaction=FAC.ParkDetails&park_id=200','1433 Barclay Street',49.287180,-123.132167,0.56,21,'barclay-heritage-square','VAN'),
	(201,'English Bay Beach Park','http://cfapp.vancouver.ca/parkfinder_wa/index.cfm?fuseaction=FAC.ParkDetails&park_id=201','1700 Beach Avenue',49.287118,-123.143317,9.83,21,'english-bay-beach-park','VAN'),
	(202,'Morton Park','http://cfapp.vancouver.ca/parkfinder_wa/index.cfm?fuseaction=FAC.ParkDetails&park_id=202','1800 Morton Avenue',49.287680,-123.141955,0.22,21,'morton-park','VAN'),
	(203,'Nelson Park','http://cfapp.vancouver.ca/parkfinder_wa/index.cfm?fuseaction=FAC.ParkDetails&park_id=203','1030 Bute Street',49.282855,-123.129558,1.16,21,'nelson-park','VAN'),
	(204,'Rosemont Park','http://cfapp.vancouver.ca/parkfinder_wa/index.cfm?fuseaction=FAC.ParkDetails&park_id=204','3101 Rosemont Drive',49.215746,-123.040816,1.36,10,'rosemont-park','VAN'),
	(206,'Stanley Park','http://cfapp.vancouver.ca/parkfinder_wa/index.cfm?fuseaction=FAC.ParkDetails&park_id=206','2000 W Georgia Street',49.302701,-123.144307,400.00,21,'stanley-park','VAN'),
	(207,'Sunset Beach Park','http://cfapp.vancouver.ca/parkfinder_wa/index.cfm?fuseaction=FAC.ParkDetails&park_id=207','1204 Beach Avenue',49.281211,-123.139681,3.61,21,'sunset-beach-park','VAN'),
	(208,'Rosemary Brown Park','http://cfapp.vancouver.ca/parkfinder_wa/index.cfm?fuseaction=FAC.ParkDetails&park_id=208',' W 11th Avenue & Vine Street (2299 Redbud Lane)',49.261821,-123.157388,0.12,11,'rosemary-brown-park','VAN'),
	(209,'Langara Park','http://cfapp.vancouver.ca/parkfinder_wa/index.cfm?fuseaction=FAC.ParkDetails&park_id=209',' W 49th Avenue & Columbia Street',49.225093,-123.111506,1.21,14,'langara-park','VAN'),
	(212,'Sahalli Park','http://cfapp.vancouver.ca/parkfinder_wa/index.cfm?fuseaction=FAC.ParkDetails&park_id=212',' E 7th Avenue & Fraser Street',49.263885,-123.089121,0.06,13,'sahalli-park','VAN'),
	(213,'Park Site On Shaughnessy Street','http://cfapp.vancouver.ca/parkfinder_wa/index.cfm?fuseaction=FAC.ParkDetails&park_id=213',' Shaughnessy Street & Fraser River',49.202224,-123.125036,0.56,12,'park-site-on-shaughnessy-street','VAN'),
	(217,'Hastings Mill Park','http://cfapp.vancouver.ca/parkfinder_wa/index.cfm?fuseaction=FAC.ParkDetails&park_id=217','1575 Alma Street',49.272790,-123.186689,1.23,22,'hastings-mill-park','VAN'),
	(218,'Jericho Beach Park','http://cfapp.vancouver.ca/parkfinder_wa/index.cfm?fuseaction=FAC.ParkDetails&park_id=218','3941 Point Grey Road',49.271513,-123.197415,46.71,22,'jericho-beach-park','VAN'),
	(219,'Locarno Park','http://cfapp.vancouver.ca/parkfinder_wa/index.cfm?fuseaction=FAC.ParkDetails&park_id=219','4445 NW Marine Drive',49.273015,-123.207284,19.00,22,'locarno-park','VAN'),
	(220,'Spanish Banks Beach Park','http://cfapp.vancouver.ca/parkfinder_wa/index.cfm?fuseaction=FAC.ParkDetails&park_id=220','4801 NW Marine Drive',49.277063,-123.216909,6.53,22,'spanish-banks-beach-park','VAN'),
	(221,'West Point Grey Park','http://cfapp.vancouver.ca/parkfinder_wa/index.cfm?fuseaction=FAC.ParkDetails&park_id=221','2250 Trimble Street',49.266301,-123.204312,3.40,22,'west-point-grey-park','VAN'),
	(222,'Westmount Park','http://cfapp.vancouver.ca/parkfinder_wa/index.cfm?fuseaction=FAC.ParkDetails&park_id=222','4651 W 2nd Avenue',49.271852,-123.214423,0.40,22,'westmount-park','VAN'),
	(224,'Choklit Park','http://cfapp.vancouver.ca/parkfinder_wa/index.cfm?fuseaction=FAC.ParkDetails&park_id=224',' W 7th Avenue & Spruce Street',49.265482,-123.128905,0.07,4,'choklit-park','VAN'),
	(225,'George Wainborn Park','http://cfapp.vancouver.ca/parkfinder_wa/index.cfm?fuseaction=FAC.ParkDetails&park_id=225','450 Beach Crescent',49.272541,-123.129311,2.49,2,'george-wainborn-park','VAN'),
	(228,'Oak Meadows Park','http://cfapp.vancouver.ca/parkfinder_wa/index.cfm?fuseaction=FAC.ParkDetails&park_id=228','899 W 37th Avenue',49.238445,-123.125795,5.00,18,'oak-meadows-park','VAN'),
	(231,'Camosun','http://cfapp.vancouver.ca/parkfinder_wa/index.cfm?fuseaction=FAC.ParkDetails&park_id=231','4102 W 16th Avenue',49.257423,-123.201329,0.00,3,'camosun','VAN'),
	(233,'Arbutus Greenway Park','http://cfapp.vancouver.ca/parkfinder_wa/index.cfm?fuseaction=FAC.ParkDetails&park_id=233',' W11th Avenue between Vine St. and Arbutus St.',49.262283,-123.154927,1.08,11,'arbutus-greenway-park','VAN'),
	(234,'Aberdeen Park','http://cfapp.vancouver.ca/parkfinder_wa/index.cfm?fuseaction=FAC.ParkDetails&park_id=234','3525 Foster Avenue',49.234765,-123.027446,1.00,15,'aberdeen-park','VAN'),
	(235,'Granville Island Water Park','http://cfapp.vancouver.ca/parkfinder_wa/index.cfm?fuseaction=FAC.ParkDetails&park_id=235',' False Creek Community Centre, Granville Island',49.269550,-123.135064,0.00,4,'granville-island-water-park','VAN'),
	(236,'Ebisu Park','http://cfapp.vancouver.ca/parkfinder_wa/index.cfm?fuseaction=FAC.ParkDetails&park_id=236','8810 Olser Street',49.205468,-123.132836,0.40,12,'ebisu-park','VAN'),
	(237,'Yaletown Park','http://cfapp.vancouver.ca/parkfinder_wa/index.cfm?fuseaction=FAC.ParkDetails&park_id=237','901 Mainland Street',49.277042,-123.118921,0.17,2,'yaletown-park','VAN'),
	(238,'Carolina Park','http://cfapp.vancouver.ca/parkfinder_wa/index.cfm?fuseaction=FAC.ParkDetails&park_id=238','2100 Carolina Street',49.266401,-123.090778,0.08,13,'carolina-park','VAN'),
	(240,'Park Site At Southeast False Creek','http://cfapp.vancouver.ca/parkfinder_wa/index.cfm?fuseaction=FAC.ParkDetails&park_id=240','215 W 1st Avenue',49.270869,-123.110533,0.95,13,'park-site-at-southeast-false-creek','VAN'),
	(241,'Habitat Island','http://cfapp.vancouver.ca/parkfinder_wa/index.cfm?fuseaction=FAC.ParkDetails&park_id=241',' South East False Creek',49.272210,-123.110791,0.60,13,'habitat-island','VAN'),
	(244,'Fraser River Trail','http://cfapp.vancouver.ca/parkfinder_wa/index.cfm?fuseaction=FAC.ParkDetails&park_id=244',' Hudson Street on the Fraser River',49.200357,-123.135862,0.35,12,'fraser-river-trail','VAN'),
	(245,'Trillium Park Site','http://cfapp.vancouver.ca/parkfinder_wa/index.cfm?fuseaction=FAC.ParkDetails&park_id=245',' National Avenue & Thornton Street',49.275015,-123.093116,3.05,19,'trillium-park-site','VAN'),
	(246,'Blueridge Park','','2438 Berkley Avenue, North Vancouver, BC V7H 2E7, Canada',49.329025,-122.998907,NULL,0,'blueridge-park','NVAN'),
	(247,'Bowser Trail',NULL,'1865 Macgowan Avenue, North Vancouver, BC V7P 1W9, Canada',49.326816,-123.114964,NULL,0,'bowser-trail','NVAN'),
	(248,'Bridgman Park',NULL,'1325 E Keith Road, North Vancouver, BC V7J 1J3, Canada',49.312413,-123.034882,NULL,0,'bridgman-park','NVAN'),
	(249,'Brooksbank Park',NULL,'958-964 Drayton Street, North Vancouver, BC V7L 2C5, Canada',49.318683,-123.046965,NULL,0,'brooksbank-park','NVAN'),
	(250,'Capilano Park',NULL,'3599 Capilano Road, North Vancouver, BC V7R 4H9, Canada',49.339037,-123.113440,NULL,0,'capilano-park','NVAN'),
	(251,'Carisbrooke Park',NULL,'170-188 Osborne Road East, North Vancouver, BC V7N 1L9, Canada',49.340816,-123.070837,NULL,0,'carisbrooke-park','NVAN'),
	(252,'Cates Park / Whey-ah-wichen',NULL,'4150-4190 Dollarton Highway, North Vancouver, BC V7G 1A2, Canada',49.302303,-122.956424,NULL,0,'cates-park-whey-ah-wichen','NVAN'),
	(253,'Cleveland Park',NULL,'5200 Nancy Greene Way, North Vancouver, BC V7R 4N2, Canada',49.360299,-123.102919,NULL,0,'cleveland-park','NVAN'),
	(254,'Cove Forest',NULL,'Baden Powell Trail, North Vancouver, BC V7G 1V4, Canada',49.331316,-122.950628,NULL,0,'cove-forest','NVAN'),
	(255,'Deep Cove Park',NULL,'2029-2035 Rockcliff Road, North Vancouver, BC V7G 1X3, Canada',49.325867,-122.948211,NULL,0,'deep-cove-park','NVAN'),
	(256,'Delbrook Park',NULL,'3241 Delbrook Avenue, North Vancouver, BC V7N 3Y5, Canada',49.337526,-123.089332,NULL,0,'delbrook-park','NVAN'),
	(257,'Draycott / Westover Park',NULL,'1870 Scott Road, North Vancouver, BC V7J 3E4, Canada',49.338068,-123.023939,NULL,0,'draycott-westover-park','NVAN'),
	(258,'Eldon Park',NULL,'3902-4020 Ruby Avenue, North Vancouver, BC V7R 3Y3, Canada',49.345849,-123.103582,NULL,0,'eldon-park','NVAN'),
	(259,'Garibaldi Park',NULL,'3601-3621 Garibaldi Drive, North Vancouver, BC V7H 2W2, Canada',49.313265,-122.974251,NULL,0,'garibaldi-park','NVAN'),
	(260,'Grousewoods Park',NULL,'5599 Grousewoods Drive, North Vancouver, BC V7R 4S1, Canada',49.365583,-123.098787,NULL,0,'grousewoods-park','NVAN'),
	(261,'Harbourview Park',NULL,'1350 Rainbow Drive, North Vancouver, BC V7J, Canada',49.303393,-123.038021,NULL,0,'harbourview-park','NVAN'),
	(262,'Hastings Creek Park',NULL,'2050 Carmaria Court, North Vancouver, BC V7J 2X9, Canada',49.330614,-123.031876,NULL,0,'hastings-creek-park','NVAN'),
	(263,'Hunter Park',NULL,'933 Hendecourt Place, North Vancouver, BC V7K 2X5, Canada',49.339559,-123.047280,NULL,0,'hunter-park','NVAN'),
	(264,'Indian River Park',NULL,'1335 Orlohma Place, North Vancouver, BC V7G 2K3, Canada',49.319712,-122.962614,NULL,0,'indian-river-park','NVAN'),
	(265,'Inter River Park',NULL,'Inter River Park, North Vancouver, BC V7J, Canada',49.320505,-123.026527,NULL,0,'inter-river-park','NVAN'),
	(266,'Kilmer Park',NULL,'1615-1699 Dempsey Road, North Vancouver, BC V7K 2P4, Canada',49.346871,-123.025519,NULL,0,'kilmer-park','NVAN'),
	(267,'Kirkstone Park',NULL,'2127-2187 Kirkstone Road, North Vancouver, BC V7J 3R1, Canada',49.330247,-123.043256,NULL,0,'kirkstone-park','NVAN'),
	(268,'Lillooet Park',NULL,'1042 Lillooet Road, North Vancouver, BC V7J 2H5, Canada',49.314719,-123.021741,NULL,0,'lillooet-park','NVAN'),
	(269,'Lower Mackay Creek Park',NULL,'219-277 Mackay Road, North Vancouver, BC V7P 3N6, Canada',49.319969,-123.102954,NULL,0,'lower-mackay-creek-park','NVAN'),
	(270,'Lowry Lane Park',NULL,'614-644 Lowry Lane, North Vancouver, BC V7G 1R1, Canada',49.309185,-122.948595,NULL,0,'lowry-lane-park','NVAN'),
	(271,'Lynn Canyon Park',NULL,'3690 Park Road, North Vancouver, BC V7J, Canada',49.342708,-123.018780,NULL,0,'lynn-canyon-park','NVAN'),
	(272,'Lynn Valley Park',NULL,'3220-3250 Mountain Highway, North Vancouver, BC V7K 3E5, Canada',49.340428,-123.037382,NULL,0,'lynn-valley-park','NVAN'),
	(273,'Maplewood Conservation',NULL,'Victor Street, North Vancouver, BC V7H, Canada',49.306784,-123.002895,NULL,0,'maplewood-conservation','NVAN'),
	(274,'Maplewood Farm',NULL,'405 Seymour River Place, North Vancouver, BC V7H 1S6, Canada',49.308901,-123.019184,NULL,0,'maplewood-farm','NVAN'),
	(275,'Mccartney Creek Park',NULL,'1602-1990 Larkhall Crescent, North Vancouver, BC V7H 2Z3, Canada',49.319937,-122.993270,NULL,0,'mccartney-creek-park','NVAN'),
	(276,'Mosquito Creek Park',NULL,'4327 Glencanyon Drive, North Vancouver, BC V7R 3G5, Canada',49.348775,-123.086110,NULL,0,'mosquito-creek-park','NVAN'),
	(277,'Mountain Forest',NULL,'Baden Powell Trail, North Vancouver, BC V7H 2K5, Canada',49.329892,-122.992937,NULL,0,'mountain-forest','NVAN'),
	(278,'Mountain Forest (cmhc)',NULL,'1995 Hill Drive, North Vancouver, BC V7H 2N1, Canada',49.326406,-122.983283,NULL,0,'mountain-forest-cmhc','NVAN'),
	(279,'Mountain View Park',NULL,'4772-4796 Hoskins Road, North Vancouver, BC V7K 1X7, Canada',49.355568,-123.029081,NULL,0,'mountain-view-park','NVAN'),
	(280,'Murdo Frazer Park',NULL,'2651 Lloyd Avenue, North Vancouver, BC V7R, Canada',49.334930,-123.105860,NULL,0,'murdo-frazer-park','NVAN'),
	(281,'Murdo Frazer Pitch And Putt',NULL,'2700 Woods Drive, North Vancouver, BC V7R 1C9, Canada',49.334155,-123.108787,NULL,0,'murdo-frazer-pitch-and-putt','NVAN'),
	(282,'Myrtle Park',NULL,'2151 Banbury Road, North Vancouver, BC V7G 1L2, Canada',49.320803,-122.950992,NULL,0,'myrtle-park','NVAN'),
	(283,'Norgate Park',NULL,'1578 Garden Avenue, North Vancouver, BC V7P 3A5, Canada',49.322821,-123.118778,NULL,0,'norgate-park','NVAN'),
	(284,'Northlands Golf Course',NULL,'3401 Anne Macdonald Way, North Vancouver, BC V7G 2S7, Canada',49.320951,-122.980509,NULL,0,'northlands-golf-course','NVAN'),
	(285,'Panorama Park',NULL,'2324-2524 Panorama Drive, North Vancouver, BC V7G 1V5, Canada',49.327755,-122.949725,NULL,0,'panorama-park','NVAN'),
	(286,'Parkgate Park',NULL,'1300 Parkgate Avenue, North Vancouver, BC V7H 2Y2, Canada',49.320098,-122.973761,NULL,0,'parkgate-park','NVAN'),
	(287,'Pierard Park',NULL,'1632-1720 Pierard Road, North Vancouver, BC V7J 1Y4, Canada',49.340837,-123.026059,NULL,0,'pierard-park','NVAN'),
	(288,'Pioneer Park',NULL,'1305-1333 Lynn Valley Road, North Vancouver, BC V7K, Canada',49.337695,-123.037497,NULL,0,'pioneer-park','NVAN'),
	(289,'Princess Park',NULL,'3405-3577 Princess Avenue, North Vancouver, BC V7N 2E4, Canada',49.340939,-123.055058,NULL,0,'princess-park','NVAN'),
	(290,'Roche Point Park',NULL,'4172 Dollar Road, North Vancouver, BC V7G 1A6, Canada',49.307658,-122.960980,NULL,0,'roche-point-park','NVAN'),
	(291,'Seylynn Park',NULL,'520-540 Mountain Highway, North Vancouver, BC V7J, Canada',49.311347,-123.033586,NULL,0,'seylynn-park','NVAN'),
	(292,'Sowden Park',NULL,'1011-1081 West 23 Street, North Vancouver, BC V7P 2H1, Canada',49.331416,-123.103038,NULL,0,'sowden-park','NVAN'),
	(293,'Strathcona Wharf',NULL,'4502-4602 Strathcona Road, North Vancouver, BC V7G 1G3, Canada',49.317748,-122.944818,NULL,0,'strathcona-wharf','NVAN'),
	(294,'Upper Mackay Creek Park',NULL,'4359-4409 Cheviot Road, North Vancouver, BC V7R 3T3, Canada',49.349891,-123.098457,NULL,0,'upper-mackay-creek-park','NVAN'),
	(295,'Viewlynn Park',NULL,'2425-2611 Viewlynn Drive, North Vancouver, BC V7J 2X2, Canada',49.331398,-123.035379,NULL,0,'viewlynn-park','NVAN'),
	(296,'Welch Strip',NULL,'Spirit Trail, North Vancouver, BC V7P, Canada',49.317901,-123.114378,NULL,0,'welch-strip','NVAN'),
	(297,'Wickenden Park',NULL,'4616-4776 Eastridge Road, North Vancouver, BC V7G, Canada',49.323470,-122.941340,NULL,0,'wickenden-park','NVAN'),
	(298,'William Griffin Park',NULL,'Mosquito Creek Trail, North Vancouver, BC V7P 2L1, Canada',49.334549,-123.092546,NULL,0,'william-griffin-park','NVAN'),
	(299,'Windridge Park',NULL,'617 Bournemouth Crescent, North Vancouver, BC V7H 2G4, Canada',49.311457,-122.996887,NULL,0,'windridge-park','NVAN');

/*!40000 ALTER TABLE `Parks` ENABLE KEYS */;
UNLOCK TABLES;



/*!40111 SET SQL_NOTES=@OLD_SQL_NOTES */;
/*!40101 SET SQL_MODE=@OLD_SQL_MODE */;
/*!40014 SET FOREIGN_KEY_CHECKS=@OLD_FOREIGN_KEY_CHECKS */;
/*!40101 SET CHARACTER_SET_CLIENT=@OLD_CHARACTER_SET_CLIENT */;
/*!40101 SET CHARACTER_SET_RESULTS=@OLD_CHARACTER_SET_RESULTS */;
/*!40101 SET COLLATION_CONNECTION=@OLD_COLLATION_CONNECTION */;
